dataelementName,dataelementCode,categoryoptioncomboName,categoryoptioncomboCode,categoryoptioncomboUid,dataset,disaggregationCategory,activeString,openmrsReportUuid,openmrsNumeratorCohortUuid,openmrsDenominatorCohortUuid
"PrEP_NEW (D, DSD, Age): Estimated at Risk",PREP_NEW_D_DSD_Age,15-19,K4ahCwZBSy6,K4ahCwZBSy6,,AGE,FALSE,,,
"PrEP_NEW (D, DSD, Age): Estimated at Risk",PREP_NEW_D_DSD_Age,20-24,trtfaSI1kzE,trtfaSI1kzE,,AGE,FALSE,,,
"PrEP_NEW (D, DSD, Age) TARGET: Estimated at Risk",PREP_NEW_D_DSD_Age_TARGET,15-19,K4ahCwZBSy6,K4ahCwZBSy6,,AGE,FALSE,,,
"PrEP_NEW (D, DSD, Age) TARGET: Estimated at Risk",PREP_NEW_D_DSD_Age_TARGET,20-24,trtfaSI1kzE,trtfaSI1kzE,,AGE,FALSE,,,
"PrEP_NEW (D, DSD): Estimated at Risk",PREP_NEW_D_DSD,default,HllvX50cXC0,HllvX50cXC0,,DEFAULT,FALSE,,,
"PrEP_NEW (D, DSD) TARGET: Estimated at Risk",PREP_NEW_D_DSD_TARGET,default,HllvX50cXC0,HllvX50cXC0,,DEFAULT,FALSE,,,
"PrEP_NEW (D, TA, Age): Estimated at Risk",PREP_NEW_D_TA_Age,15-19,K4ahCwZBSy6,K4ahCwZBSy6,,AGE,FALSE,,,
"PrEP_NEW (D, TA, Age): Estimated at Risk",PREP_NEW_D_TA_Age,20-24,trtfaSI1kzE,trtfaSI1kzE,,AGE,FALSE,,,
"PrEP_NEW (D, TA, Age) TARGET: Estimated at Risk",PREP_NEW_D_TA_Age_TARGET,15-19,K4ahCwZBSy6,K4ahCwZBSy6,,AGE,FALSE,,,
"PrEP_NEW (D, TA, Age) TARGET: Estimated at Risk",PREP_NEW_D_TA_Age_TARGET,20-24,trtfaSI1kzE,trtfaSI1kzE,,AGE,FALSE,,,
"PrEP_NEW (D, TA): Estimated at Risk",PREP_NEW_D_TA,default,HllvX50cXC0,HllvX50cXC0,,DEFAULT,FALSE,,,
"PrEP_NEW (D, TA) TARGET: Estimated at Risk",PREP_NEW_D_TA_TARGET,default,HllvX50cXC0,HllvX50cXC0,,DEFAULT,FALSE,,,
"PrEP_NEW (N, DSD, Age): Newly Enrolled PrEP",PREP_NEW_N_DSD_Age,15-19,K4ahCwZBSy6,K4ahCwZBSy6,,AGE,FALSE,,,
"PrEP_NEW (N, DSD, Age): Newly Enrolled PrEP",PREP_NEW_N_DSD_Age,20-24,trtfaSI1kzE,trtfaSI1kzE,,AGE,FALSE,,,
"PrEP_NEW (N, DSD, Age) TARGET: Newly Enrolled PrEP",PREP_NEW_N_DSD_Age_TARGET,15-19,K4ahCwZBSy6,K4ahCwZBSy6,,AGE,FALSE,,,
"PrEP_NEW (N, DSD, Age) TARGET: Newly Enrolled PrEP",PREP_NEW_N_DSD_Age_TARGET,20-24,trtfaSI1kzE,trtfaSI1kzE,,AGE,FALSE,,,
"PrEP_NEW (N, DSD_NARRATIVE)",PrEP_NEW_N_DSD_NARRATIVE,default,HllvX50cXC0,HllvX50cXC0,,DEFAULT,FALSE,,,
"PrEP_NEW (N, DSD_NARRATIVE) TARGET: Newly Enrolled PrEP",PrEP_NEW_N_DSD_NARRATIVE_TARGET,default,HllvX50cXC0,HllvX50cXC0,,DEFAULT,FALSE,,,
"PrEP_NEW (N, DSD): Newly Enrolled PrEP",PREP_NEW_N_DSD,default,HllvX50cXC0,HllvX50cXC0,,DEFAULT,FALSE,,,
"PrEP_NEW (N, DSD) TARGET: Newly Enrolled PrEP",PREP_NEW_N_DSD_TARGET,default,HllvX50cXC0,HllvX50cXC0,,DEFAULT,FALSE,,,
"PrEP_NEW (N, TA, Age): Newly Enrolled PrEP",PREP_NEW_N_TA_Age,15-19,K4ahCwZBSy6,K4ahCwZBSy6,,AGE,FALSE,,,
"PrEP_NEW (N, TA, Age): Newly Enrolled PrEP",PREP_NEW_N_TA_Age,20-24,trtfaSI1kzE,trtfaSI1kzE,,AGE,FALSE,,,
"PrEP_NEW (N, TA, Age) TARGET: Newly Enrolled PrEP",PREP_NEW_N_TA_Age_TARGET,15-19,K4ahCwZBSy6,K4ahCwZBSy6,,AGE,FALSE,,,
"PrEP_NEW (N, TA, Age) TARGET: Newly Enrolled PrEP",PREP_NEW_N_TA_Age_TARGET,20-24,trtfaSI1kzE,trtfaSI1kzE,,AGE,FALSE,,,
"PrEP_NEW (N, TA_NARRATIVE)",PrEP_NEW_N_TA_NARRATIVE,default,HllvX50cXC0,HllvX50cXC0,,DEFAULT,FALSE,,,
"PrEP_NEW (N, TA_NARRATIVE) TARGET: Newly Enrolled PrEP",PrEP_NEW_N_TA_NARRATIVE_TARGET,default,HllvX50cXC0,HllvX50cXC0,,DEFAULT,FALSE,,,
"PrEP_NEW (N, TA): Newly Enrolled PrEP",PREP_NEW_N_TA,default,HllvX50cXC0,HllvX50cXC0,,DEFAULT,FALSE,,,
"PrEP_NEW (N, TA) TARGET: Newly Enrolled PrEP",PREP_NEW_N_TA_TARGET,default,HllvX50cXC0,HllvX50cXC0,,DEFAULT,FALSE,,,
"VMMC_CIRC (N, DSD, Age) TARGET: Voluntary Circumcised",VMMC_CIRC_N_DSD_Age_TARGET,<1,cl4xzjSAqKU,cl4xzjSAqKU,,AGE,FALSE,,,
"VMMC_CIRC (N, DSD, Age) TARGET: Voluntary Circumcised",VMMC_CIRC_N_DSD_Age_TARGET,41913,P1Y10eY8bZI,P1Y10eY8bZI,,OTHER,FALSE,,,
"VMMC_CIRC (N, DSD, Age) TARGET: Voluntary Circumcised",VMMC_CIRC_N_DSD_Age_TARGET,15-19,OMrmtSoPm1A,OMrmtSoPm1A,,AGE,FALSE,,,
"VMMC_CIRC (N, DSD, Age) TARGET: Voluntary Circumcised",VMMC_CIRC_N_DSD_Age_TARGET,42979,a5INVawkEK1,a5INVawkEK1,,OTHER,FALSE,,,
"VMMC_CIRC (N, DSD, Age) TARGET: Voluntary Circumcised",VMMC_CIRC_N_DSD_Age_TARGET,20-24,FMpSpK2mpWR,FMpSpK2mpWR,,AGE,FALSE,,,
"VMMC_CIRC (N, DSD, Age) TARGET: Voluntary Circumcised",VMMC_CIRC_N_DSD_Age_TARGET,25-29,x8ErdJUkUiX,x8ErdJUkUiX,,AGE,FALSE,,,
"VMMC_CIRC (N, DSD, Age) TARGET: Voluntary Circumcised",VMMC_CIRC_N_DSD_Age_TARGET,25-49,zM8j0dIlHm6,zM8j0dIlHm6,,AGE,FALSE,,,
"VMMC_CIRC (N, DSD, Age) TARGET: Voluntary Circumcised",VMMC_CIRC_N_DSD_Age_TARGET,30-49,XVgoBvPGoV9,XVgoBvPGoV9,,AGE,FALSE,,,
"VMMC_CIRC (N, DSD, Age) TARGET: Voluntary Circumcised",VMMC_CIRC_N_DSD_Age_TARGET,50+,oZcQslZmhAp,oZcQslZmhAp,,AGE,FALSE,,,
"VMMC_CIRC (N, DSD, Age): Voluntary Circumcised",VMMC_CIRC_N_DSD_Age,<1,cl4xzjSAqKU,cl4xzjSAqKU,,AGE,FALSE,,,
"VMMC_CIRC (N, DSD, Age): Voluntary Circumcised",VMMC_CIRC_N_DSD_Age,41913,P1Y10eY8bZI,P1Y10eY8bZI,,OTHER,FALSE,,,
"VMMC_CIRC (N, DSD, Age): Voluntary Circumcised",VMMC_CIRC_N_DSD_Age,15-19,OMrmtSoPm1A,OMrmtSoPm1A,,AGE,FALSE,,,
"VMMC_CIRC (N, DSD, Age): Voluntary Circumcised",VMMC_CIRC_N_DSD_Age,42979,a5INVawkEK1,a5INVawkEK1,,OTHER,FALSE,,,
"VMMC_CIRC (N, DSD, Age): Voluntary Circumcised",VMMC_CIRC_N_DSD_Age,20-24,FMpSpK2mpWR,FMpSpK2mpWR,,AGE,FALSE,,,
"VMMC_CIRC (N, DSD, Age): Voluntary Circumcised",VMMC_CIRC_N_DSD_Age,25-29,x8ErdJUkUiX,x8ErdJUkUiX,,AGE,FALSE,,,
"VMMC_CIRC (N, DSD, Age): Voluntary Circumcised",VMMC_CIRC_N_DSD_Age,25-49,zM8j0dIlHm6,zM8j0dIlHm6,,AGE,FALSE,,,
"VMMC_CIRC (N, DSD, Age): Voluntary Circumcised",VMMC_CIRC_N_DSD_Age,30-49,XVgoBvPGoV9,XVgoBvPGoV9,,AGE,FALSE,,,
"VMMC_CIRC (N, DSD, Age): Voluntary Circumcised",VMMC_CIRC_N_DSD_Age,50+,oZcQslZmhAp,oZcQslZmhAp,,AGE,FALSE,,,
"VMMC_CIRC (N, DSD, FollowUp) TARGET: Voluntary Circumcised",VMMC_CIRC_N_DSD_FollowUp_TARGET,No,glt1RCMkD7D,glt1RCMkD7D,,CODED,FALSE,,,
"VMMC_CIRC (N, DSD, FollowUp) TARGET: Voluntary Circumcised",VMMC_CIRC_N_DSD_FollowUp_TARGET,Yes,Mvu48zaG8bm,Mvu48zaG8bm,,CODED,FALSE,,,
"VMMC_CIRC (N, DSD, FollowUp): Voluntary Circumcised",VMMC_CIRC_N_DSD_FollowUp,No,glt1RCMkD7D,glt1RCMkD7D,,CODED,FALSE,,,
"VMMC_CIRC (N, DSD, FollowUp): Voluntary Circumcised",VMMC_CIRC_N_DSD_FollowUp,Yes,Mvu48zaG8bm,Mvu48zaG8bm,,CODED,FALSE,,,
"VMMC_CIRC (N, DSD, HIVStatus) TARGET: Voluntary Circumcised",VMMC_CIRC_N_DSD_HIVStatus_TARGET,Negative,qRO991vF3Z0,qRO991vF3Z0,,CODED,FALSE,,,
"VMMC_CIRC (N, DSD, HIVStatus) TARGET: Voluntary Circumcised",VMMC_CIRC_N_DSD_HIVStatus_TARGET,Positive,yGWrZoV31Hb,yGWrZoV31Hb,,CODED,FALSE,,,
"VMMC_CIRC (N, DSD, HIVStatus) TARGET: Voluntary Circumcised",VMMC_CIRC_N_DSD_HIVStatus_TARGET,Unknown,CpVCyEfsAor,CpVCyEfsAor,,CODED,FALSE,,,
"VMMC_CIRC (N, DSD, HIVStatus): Voluntary Circumcised",VMMC_CIRC_N_DSD_HIVStatus,Negative,qRO991vF3Z0,qRO991vF3Z0,,CODED,FALSE,,,
"VMMC_CIRC (N, DSD, HIVStatus): Voluntary Circumcised",VMMC_CIRC_N_DSD_HIVStatus,Positive,yGWrZoV31Hb,yGWrZoV31Hb,,CODED,FALSE,,,
"VMMC_CIRC (N, DSD, HIVStatus): Voluntary Circumcised",VMMC_CIRC_N_DSD_HIVStatus,Unknown,CpVCyEfsAor,CpVCyEfsAor,,CODED,FALSE,,,
"VMMC_CIRC (N, DSD_NARRATIVE) TARGET: Voluntary Circumcised",VMMC_CIRC_N_DSD_NARRATIVE_TARGET,default,HllvX50cXC0,HllvX50cXC0,,DEFAULT,FALSE,,,
"VMMC_CIRC (N, DSD_NARRATIVE): Voluntary Circumcised",VMMC_CIRC_N_DSD_NARRATIVE,default,HllvX50cXC0,HllvX50cXC0,,DEFAULT,FALSE,,,
"VMMC_CIRC (N, DSD) TARGET: Voluntary Circumcised",VMMC_CIRC_N_DSD_TARGET,default,HllvX50cXC0,HllvX50cXC0,,DEFAULT,FALSE,,,
"VMMC_CIRC (N, DSD, Technique) TARGET: Voluntary Circumcised",VMMC_CIRC_N_DSD_Technique_TARGET,Device based,N7kM6E9aHSa,N7kM6E9aHSa,,CODED,FALSE,,,
"VMMC_CIRC (N, DSD, Technique) TARGET: Voluntary Circumcised",VMMC_CIRC_N_DSD_Technique_TARGET,Surgical Technique,foA8FjRmlkf,foA8FjRmlkf,,CODED,FALSE,,,
"VMMC_CIRC (N, DSD, Technique): Voluntary Circumcised",VMMC_CIRC_N_DSD_Technique,Device based,N7kM6E9aHSa,N7kM6E9aHSa,,CODED,FALSE,,,
"VMMC_CIRC (N, DSD, Technique): Voluntary Circumcised",VMMC_CIRC_N_DSD_Technique,Surgical Technique,foA8FjRmlkf,foA8FjRmlkf,,CODED,FALSE,,,
"VMMC_CIRC (N, DSD): Voluntary Circumcised",VMMC_CIRC_N_DSD,default,HllvX50cXC0,HllvX50cXC0,,DEFAULT,FALSE,,,
"VMMC_CIRC (N, TA, Age) TARGET: Voluntary Circumcised",VMMC_CIRC_N_TA_Age_TARGET,<1,cl4xzjSAqKU,cl4xzjSAqKU,,AGE,FALSE,,,
"VMMC_CIRC (N, TA, Age) TARGET: Voluntary Circumcised",VMMC_CIRC_N_TA_Age_TARGET,41913,P1Y10eY8bZI,P1Y10eY8bZI,,OTHER,FALSE,,,
"VMMC_CIRC (N, TA, Age) TARGET: Voluntary Circumcised",VMMC_CIRC_N_TA_Age_TARGET,15-19,OMrmtSoPm1A,OMrmtSoPm1A,,AGE,FALSE,,,
"VMMC_CIRC (N, TA, Age) TARGET: Voluntary Circumcised",VMMC_CIRC_N_TA_Age_TARGET,42979,a5INVawkEK1,a5INVawkEK1,,OTHER,FALSE,,,
"VMMC_CIRC (N, TA, Age) TARGET: Voluntary Circumcised",VMMC_CIRC_N_TA_Age_TARGET,20-24,FMpSpK2mpWR,FMpSpK2mpWR,,AGE,FALSE,,,
"VMMC_CIRC (N, TA, Age) TARGET: Voluntary Circumcised",VMMC_CIRC_N_TA_Age_TARGET,25-29,x8ErdJUkUiX,x8ErdJUkUiX,,AGE,FALSE,,,
"VMMC_CIRC (N, TA, Age) TARGET: Voluntary Circumcised",VMMC_CIRC_N_TA_Age_TARGET,25-49,zM8j0dIlHm6,zM8j0dIlHm6,,AGE,FALSE,,,
"VMMC_CIRC (N, TA, Age) TARGET: Voluntary Circumcised",VMMC_CIRC_N_TA_Age_TARGET,30-49,XVgoBvPGoV9,XVgoBvPGoV9,,AGE,FALSE,,,
"VMMC_CIRC (N, TA, Age) TARGET: Voluntary Circumcised",VMMC_CIRC_N_TA_Age_TARGET,50+,oZcQslZmhAp,oZcQslZmhAp,,AGE,FALSE,,,
"VMMC_CIRC (N, TA, Age): Voluntary Circumcised",VMMC_CIRC_N_TA_Age,<1,cl4xzjSAqKU,cl4xzjSAqKU,,AGE,FALSE,,,
"VMMC_CIRC (N, TA, Age): Voluntary Circumcised",VMMC_CIRC_N_TA_Age,41913,P1Y10eY8bZI,P1Y10eY8bZI,,OTHER,FALSE,,,
"VMMC_CIRC (N, TA, Age): Voluntary Circumcised",VMMC_CIRC_N_TA_Age,15-19,OMrmtSoPm1A,OMrmtSoPm1A,,AGE,FALSE,,,
"VMMC_CIRC (N, TA, Age): Voluntary Circumcised",VMMC_CIRC_N_TA_Age,42979,a5INVawkEK1,a5INVawkEK1,,OTHER,FALSE,,,
"VMMC_CIRC (N, TA, Age): Voluntary Circumcised",VMMC_CIRC_N_TA_Age,20-24,FMpSpK2mpWR,FMpSpK2mpWR,,AGE,FALSE,,,
"VMMC_CIRC (N, TA, Age): Voluntary Circumcised",VMMC_CIRC_N_TA_Age,25-29,x8ErdJUkUiX,x8ErdJUkUiX,,AGE,FALSE,,,
"VMMC_CIRC (N, TA, Age): Voluntary Circumcised",VMMC_CIRC_N_TA_Age,25-49,zM8j0dIlHm6,zM8j0dIlHm6,,AGE,FALSE,,,
"VMMC_CIRC (N, TA, Age): Voluntary Circumcised",VMMC_CIRC_N_TA_Age,30-49,XVgoBvPGoV9,XVgoBvPGoV9,,AGE,FALSE,,,
"VMMC_CIRC (N, TA, Age): Voluntary Circumcised",VMMC_CIRC_N_TA_Age,50+,oZcQslZmhAp,oZcQslZmhAp,,AGE,FALSE,,,
"VMMC_CIRC (N, TA, FollowUp) TARGET: Voluntary Circumcised",VMMC_CIRC_N_TA_FollowUp_TARGET,No,glt1RCMkD7D,glt1RCMkD7D,,CODED,FALSE,,,
"VMMC_CIRC (N, TA, FollowUp) TARGET: Voluntary Circumcised",VMMC_CIRC_N_TA_FollowUp_TARGET,Yes,Mvu48zaG8bm,Mvu48zaG8bm,,CODED,FALSE,,,
"VMMC_CIRC (N, TA, FollowUp): Voluntary Circumcised",VMMC_CIRC_N_TA_FollowUp,No,glt1RCMkD7D,glt1RCMkD7D,,CODED,FALSE,,,
"VMMC_CIRC (N, TA, FollowUp): Voluntary Circumcised",VMMC_CIRC_N_TA_FollowUp,Yes,Mvu48zaG8bm,Mvu48zaG8bm,,CODED,FALSE,,,
"VMMC_CIRC (N, TA, HIVStatus) TARGET: Voluntary Circumcised",VMMC_CIRC_N_TA_HIVStatus_TARGET,Negative,qRO991vF3Z0,qRO991vF3Z0,,CODED,FALSE,,,
"VMMC_CIRC (N, TA, HIVStatus) TARGET: Voluntary Circumcised",VMMC_CIRC_N_TA_HIVStatus_TARGET,Positive,yGWrZoV31Hb,yGWrZoV31Hb,,CODED,FALSE,,,
"VMMC_CIRC (N, TA, HIVStatus) TARGET: Voluntary Circumcised",VMMC_CIRC_N_TA_HIVStatus_TARGET,Unknown,CpVCyEfsAor,CpVCyEfsAor,,CODED,FALSE,,,
"VMMC_CIRC (N, TA, HIVStatus): Voluntary Circumcised",VMMC_CIRC_N_TA_HIVStatus,Negative,qRO991vF3Z0,qRO991vF3Z0,,CODED,FALSE,,,
"VMMC_CIRC (N, TA, HIVStatus): Voluntary Circumcised",VMMC_CIRC_N_TA_HIVStatus,Positive,yGWrZoV31Hb,yGWrZoV31Hb,,CODED,FALSE,,,
"VMMC_CIRC (N, TA, HIVStatus): Voluntary Circumcised",VMMC_CIRC_N_TA_HIVStatus,Unknown,CpVCyEfsAor,CpVCyEfsAor,,CODED,FALSE,,,
"VMMC_CIRC (N, TA_NARRATIVE) TARGET: Voluntary Circumcised",VMMC_CIRC_N_TA_NARRATIVE_TARGET,default,HllvX50cXC0,HllvX50cXC0,,DEFAULT,FALSE,,,
"VMMC_CIRC (N, TA_NARRATIVE): Voluntary Circumcised",VMMC_CIRC_N_TA_NARRATIVE,default,HllvX50cXC0,HllvX50cXC0,,DEFAULT,FALSE,,,
"VMMC_CIRC (N, TA) TARGET: Voluntary Circumcised",VMMC_CIRC_N_TA_TARGET,default,HllvX50cXC0,HllvX50cXC0,,CODED,FALSE,,,
"VMMC_CIRC (N, TA, Technique) TARGET: Voluntary Circumcised",VMMC_CIRC_N_TA_Technique_TARGET,Device based,N7kM6E9aHSa,N7kM6E9aHSa,,CODED,FALSE,,,
"VMMC_CIRC (N, TA, Technique) TARGET: Voluntary Circumcised",VMMC_CIRC_N_TA_Technique_TARGET,Surgical Technique,foA8FjRmlkf,foA8FjRmlkf,,CODED,FALSE,,,
"VMMC_CIRC (N, TA, Technique): Voluntary Circumcised",VMMC_CIRC_N_TA_Technique,Device based,N7kM6E9aHSa,N7kM6E9aHSa,,CODED,FALSE,,,
"VMMC_CIRC (N, TA, Technique): Voluntary Circumcised",VMMC_CIRC_N_TA_Technique,Surgical Technique,foA8FjRmlkf,foA8FjRmlkf,,CODED,FALSE,,,
"VMMC_CIRC (N, TA): Voluntary Circumcised",VMMC_CIRC_N_TA,default,HllvX50cXC0,HllvX50cXC0,,DEFAULT,FALSE,,,
"PMTCT_STAT (D, DSD, Age): New ANC and L&D clients",PMTCT_STAT_D_DSD_Age,<15,nNrvXAXf6B2,nNrvXAXf6B2,,AGE,FALSE,,,
"PMTCT_STAT (D, DSD, Age): New ANC and L&D clients",PMTCT_STAT_D_DSD_Age,15-19,BsjmBzBpiGD,BsjmBzBpiGD,,AGE,FALSE,,,
"PMTCT_STAT (D, DSD, Age): New ANC and L&D clients",PMTCT_STAT_D_DSD_Age,20-24,CKTKfgTEQQg,CKTKfgTEQQg,,AGE,FALSE,,,
"PMTCT_STAT (D, DSD, Age): New ANC and L&D clients",PMTCT_STAT_D_DSD_Age,25+,hWPFY6uJyoY,hWPFY6uJyoY,,AGE,FALSE,,,
"PMTCT_STAT (D, DSD, Age) TARGET: New ANC and L&D clients",PMTCT_STAT_D_DSD_Age_TARGET,<15,nNrvXAXf6B2,nNrvXAXf6B2,,AGE,FALSE,,,
"PMTCT_STAT (D, DSD, Age) TARGET: New ANC and L&D clients",PMTCT_STAT_D_DSD_Age_TARGET,15-19,BsjmBzBpiGD,BsjmBzBpiGD,,AGE,FALSE,,,
"PMTCT_STAT (D, DSD, Age) TARGET: New ANC and L&D clients",PMTCT_STAT_D_DSD_Age_TARGET,20-24,CKTKfgTEQQg,CKTKfgTEQQg,,AGE,FALSE,,,
"PMTCT_STAT (D, DSD, Age) TARGET: New ANC and L&D clients",PMTCT_STAT_D_DSD_Age_TARGET,25+,hWPFY6uJyoY,hWPFY6uJyoY,,AGE,FALSE,,,
"PMTCT_STAT (D, DSD_NARRATIVE): New ANC and L&D clients",PMTCT_STAT_D_DSD_NARRATIVE,default,HllvX50cXC0,HllvX50cXC0,,DEFAULT,FALSE,,,
"PMTCT_STAT (D, DSD_NARRATIVE) TARGET: New ANC and L&D clients",PMTCT_STAT_D_DSD_NARRATIVE_TARGET,default,HllvX50cXC0,HllvX50cXC0,,DEFAULT,FALSE,,,
"PMTCT_STAT (D, DSD): New ANC and L&D clients",PMTCT_STAT_D_DSD,default,HllvX50cXC0,HllvX50cXC0,,DEFAULT,FALSE,,,
"PMTCT_STAT (D, DSD) TARGET: New ANC and L&D clients",PMTCT_STAT_D_DSD_TARGET,default,HllvX50cXC0,HllvX50cXC0,,DEFAULT,FALSE,,,
"PMTCT_STAT (D, TA, Age): New ANC and L&D clients",PMTCT_STAT_D_TA_Age,<15,nNrvXAXf6B2,nNrvXAXf6B2,,AGE,FALSE,,,
"PMTCT_STAT (D, TA, Age): New ANC and L&D clients",PMTCT_STAT_D_TA_Age,15-19,BsjmBzBpiGD,BsjmBzBpiGD,,AGE,FALSE,,,
"PMTCT_STAT (D, TA, Age): New ANC and L&D clients",PMTCT_STAT_D_TA_Age,20-24,CKTKfgTEQQg,CKTKfgTEQQg,,AGE,FALSE,,,
"PMTCT_STAT (D, TA, Age): New ANC and L&D clients",PMTCT_STAT_D_TA_Age,25+,hWPFY6uJyoY,hWPFY6uJyoY,,AGE,FALSE,,,
"PMTCT_STAT (D, TA, Age) TARGET: New ANC and L&D clients",PMTCT_STAT_D_TA_Age_TARGET,<15,nNrvXAXf6B2,nNrvXAXf6B2,,AGE,FALSE,,,
"PMTCT_STAT (D, TA, Age) TARGET: New ANC and L&D clients",PMTCT_STAT_D_TA_Age_TARGET,15-19,BsjmBzBpiGD,BsjmBzBpiGD,,AGE,FALSE,,,
"PMTCT_STAT (D, TA, Age) TARGET: New ANC and L&D clients",PMTCT_STAT_D_TA_Age_TARGET,20-24,CKTKfgTEQQg,CKTKfgTEQQg,,AGE,FALSE,,,
"PMTCT_STAT (D, TA, Age) TARGET: New ANC and L&D clients",PMTCT_STAT_D_TA_Age_TARGET,25+,hWPFY6uJyoY,hWPFY6uJyoY,,AGE,FALSE,,,
"PMTCT_STAT (D, TA_NARRATIVE): New ANC and L&D clients",PMTCT_STAT_D_TA_NARRATIVE,default,HllvX50cXC0,HllvX50cXC0,,DEFAULT,FALSE,,,
"PMTCT_STAT (D, TA_NARRATIVE) TARGET: New ANC and L&D clients",PMTCT_STAT_D_TA_NARRATIVE_TARGET,default,HllvX50cXC0,HllvX50cXC0,,DEFAULT,FALSE,,,
"PMTCT_STAT (D, TA): New ANC and L&D clients",PMTCT_STAT_D_TA,default,HllvX50cXC0,HllvX50cXC0,,DEFAULT,FALSE,,,
"PMTCT_STAT (D, TA) TARGET: New ANC and L&D clients",PMTCT_STAT_D_TA_TARGET,default,HllvX50cXC0,HllvX50cXC0,,DEFAULT,FALSE,,,
"PMTCT_STAT (N, DSD, Known/New/Age): Known Results",PMTCT_STAT_N_DSD_Known_New_Age,"15-19, Known at Entry Positive",aeTOT0DITmP,aeTOT0DITmP,,INHERENT,FALSE,,,
"PMTCT_STAT (N, DSD, Known/New/Age): Known Results",PMTCT_STAT_N_DSD_Known_New_Age,"15-19, Newly Identified Positive",ZfszUpIuhu4,ZfszUpIuhu4,,INHERENT,FALSE,,,
"PMTCT_STAT (N, DSD, Known/New/Age): Known Results",PMTCT_STAT_N_DSD_Known_New_Age,"<15, Known at Entry Positive",L0haU5cttbp,L0haU5cttbp,,INHERENT,FALSE,,,
"PMTCT_STAT (N, DSD, Known/New/Age): Known Results",PMTCT_STAT_N_DSD_Known_New_Age,"<15, Newly Identified Positive",GYw4wKxiBIA,GYw4wKxiBIA,,INHERENT,FALSE,,,
"PMTCT_STAT (N, DSD, Known/New/Age): Known Results",PMTCT_STAT_N_DSD_Known_New_Age,"20-24, Known at Entry Positive",QNDuM98eCBN,QNDuM98eCBN,,INHERENT,FALSE,,,
"PMTCT_STAT (N, DSD, Known/New/Age): Known Results",PMTCT_STAT_N_DSD_Known_New_Age,"20-24, Newly Identified Positive",PI7uxoIJgnk,PI7uxoIJgnk,,INHERENT,FALSE,,,
"PMTCT_STAT (N, DSD, Known/New/Age): Known Results",PMTCT_STAT_N_DSD_Known_New_Age,"25+, Known at Entry Positive",SwdPNY2yusp,SwdPNY2yusp,,INHERENT,FALSE,,,
"PMTCT_STAT (N, DSD, Known/New/Age): Known Results",PMTCT_STAT_N_DSD_Known_New_Age,"25+, Newly Identified Positive",zFKvno8cvMG,zFKvno8cvMG,,INHERENT,FALSE,,,
"PMTCT_STAT (N, DSD, Known/New/Age) TARGET: Known Results",PMTCT_STAT_N_DSD_Known_New_Age_TARGET,"15-19, Known at Entry Positive",aeTOT0DITmP,aeTOT0DITmP,,INHERENT,FALSE,,,
"PMTCT_STAT (N, DSD, Known/New/Age) TARGET: Known Results",PMTCT_STAT_N_DSD_Known_New_Age_TARGET,"15-19, Newly Identified Positive",ZfszUpIuhu4,ZfszUpIuhu4,,INHERENT,FALSE,,,
"PMTCT_STAT (N, DSD, Known/New/Age) TARGET: Known Results",PMTCT_STAT_N_DSD_Known_New_Age_TARGET,"<15, Known at Entry Positive",L0haU5cttbp,L0haU5cttbp,,INHERENT,FALSE,,,
"PMTCT_STAT (N, DSD, Known/New/Age) TARGET: Known Results",PMTCT_STAT_N_DSD_Known_New_Age_TARGET,"<15, Newly Identified Positive",GYw4wKxiBIA,GYw4wKxiBIA,,INHERENT,FALSE,,,
"PMTCT_STAT (N, DSD, Known/New/Age) TARGET: Known Results",PMTCT_STAT_N_DSD_Known_New_Age_TARGET,"20-24, Known at Entry Positive",QNDuM98eCBN,QNDuM98eCBN,,INHERENT,FALSE,,,
"PMTCT_STAT (N, DSD, Known/New/Age) TARGET: Known Results",PMTCT_STAT_N_DSD_Known_New_Age_TARGET,"20-24, Newly Identified Positive",PI7uxoIJgnk,PI7uxoIJgnk,,INHERENT,FALSE,,,
"PMTCT_STAT (N, DSD, Known/New/Age) TARGET: Known Results",PMTCT_STAT_N_DSD_Known_New_Age_TARGET,"25+, Known at Entry Positive",SwdPNY2yusp,SwdPNY2yusp,,INHERENT,FALSE,,,
"PMTCT_STAT (N, DSD, Known/New/Age) TARGET: Known Results",PMTCT_STAT_N_DSD_Known_New_Age_TARGET,"25+, Newly Identified Positive",zFKvno8cvMG,zFKvno8cvMG,,INHERENT,FALSE,,,
"PMTCT_STAT (N, DSD, Known/New): Known Results",PMTCT_STAT_N_DSD_Known_New,Known at Entry Positive,neHuvP4hXSh,neHuvP4hXSh,,OTHER,FALSE,,,
"PMTCT_STAT (N, DSD, Known/New): Known Results",PMTCT_STAT_N_DSD_Known_New,Newly Identified Positive,bCQbUtCKzTE,bCQbUtCKzTE,,OTHER,FALSE,,,
"PMTCT_STAT (N, DSD, Known/New) TARGET: Known Results",PMTCT_STAT_N_DSD_Known_New_TARGET,Known at Entry Positive,neHuvP4hXSh,neHuvP4hXSh,,OTHER,FALSE,,,
"PMTCT_STAT (N, DSD, Known/New) TARGET: Known Results",PMTCT_STAT_N_DSD_Known_New_TARGET,Newly Identified Positive,bCQbUtCKzTE,bCQbUtCKzTE,,OTHER,FALSE,,,
"PMTCT_STAT (N, DSD): Known Results",PMTCT_STAT_N_DSD,default,HllvX50cXC0,HllvX50cXC0,,DEFAULT,FALSE,,,
"PMTCT_STAT (N, DSD_NARRATIVE): Known Results",PMTCT_STAT_N_DSD_NARRATIVE,default,HllvX50cXC0,HllvX50cXC0,,DEFAULT,FALSE,,,
"PMTCT_STAT (N, DSD_NARRATIVE) TARGET: Known Results",PMTCT_STAT_N_DSD_NARRATIVE_TARGET,default,HllvX50cXC0,HllvX50cXC0,,DEFAULT,FALSE,,,
"PMTCT_STAT (N, DSD) TARGET: Known Results",PMTCT_STAT_N_DSD_TARGET,default,HllvX50cXC0,HllvX50cXC0,,DEFAULT,FALSE,,,
"PMTCT_STAT (N, TA, Known/New/Age): Known Results",PMTCT_STAT_N_TA_Known_New_Age,"15-19, Known at Entry Positive",aeTOT0DITmP,aeTOT0DITmP,,INHERENT,FALSE,,,
"PMTCT_STAT (N, TA, Known/New/Age): Known Results",PMTCT_STAT_N_TA_Known_New_Age,"15-19, Newly Identified Positive",ZfszUpIuhu4,ZfszUpIuhu4,,INHERENT,FALSE,,,
"PMTCT_STAT (N, TA, Known/New/Age): Known Results",PMTCT_STAT_N_TA_Known_New_Age,"<15, Known at Entry Positive",L0haU5cttbp,L0haU5cttbp,,INHERENT,FALSE,,,
"PMTCT_STAT (N, TA, Known/New/Age): Known Results",PMTCT_STAT_N_TA_Known_New_Age,"<15, Newly Identified Positive",GYw4wKxiBIA,GYw4wKxiBIA,,INHERENT,FALSE,,,
"PMTCT_STAT (N, TA, Known/New/Age): Known Results",PMTCT_STAT_N_TA_Known_New_Age,"20-24, Known at Entry Positive",QNDuM98eCBN,QNDuM98eCBN,,INHERENT,FALSE,,,
"PMTCT_STAT (N, TA, Known/New/Age): Known Results",PMTCT_STAT_N_TA_Known_New_Age,"20-24, Newly Identified Positive",PI7uxoIJgnk,PI7uxoIJgnk,,INHERENT,FALSE,,,
"PMTCT_STAT (N, TA, Known/New/Age): Known Results",PMTCT_STAT_N_TA_Known_New_Age,"25+, Known at Entry Positive",SwdPNY2yusp,SwdPNY2yusp,,INHERENT,FALSE,,,
"PMTCT_STAT (N, TA, Known/New/Age): Known Results",PMTCT_STAT_N_TA_Known_New_Age,"25+, Newly Identified Positive",zFKvno8cvMG,zFKvno8cvMG,,INHERENT,FALSE,,,
"PMTCT_STAT (N, TA, Known/New/Age) TARGET: Known Results",PMTCT_STAT_N_TA_Known_New_Age_TARGET,"15-19, Known at Entry Positive",aeTOT0DITmP,aeTOT0DITmP,,INHERENT,FALSE,,,
"PMTCT_STAT (N, TA, Known/New/Age) TARGET: Known Results",PMTCT_STAT_N_TA_Known_New_Age_TARGET,"15-19, Newly Identified Positive",ZfszUpIuhu4,ZfszUpIuhu4,,INHERENT,FALSE,,,
"PMTCT_STAT (N, TA, Known/New/Age) TARGET: Known Results",PMTCT_STAT_N_TA_Known_New_Age_TARGET,"<15, Known at Entry Positive",L0haU5cttbp,L0haU5cttbp,,INHERENT,FALSE,,,
"PMTCT_STAT (N, TA, Known/New/Age) TARGET: Known Results",PMTCT_STAT_N_TA_Known_New_Age_TARGET,"<15, Newly Identified Positive",GYw4wKxiBIA,GYw4wKxiBIA,,INHERENT,FALSE,,,
"PMTCT_STAT (N, TA, Known/New/Age) TARGET: Known Results",PMTCT_STAT_N_TA_Known_New_Age_TARGET,"20-24, Known at Entry Positive",QNDuM98eCBN,QNDuM98eCBN,,INHERENT,FALSE,,,
"PMTCT_STAT (N, TA, Known/New/Age) TARGET: Known Results",PMTCT_STAT_N_TA_Known_New_Age_TARGET,"20-24, Newly Identified Positive",PI7uxoIJgnk,PI7uxoIJgnk,,INHERENT,FALSE,,,
"PMTCT_STAT (N, TA, Known/New/Age) TARGET: Known Results",PMTCT_STAT_N_TA_Known_New_Age_TARGET,"25+, Known at Entry Positive",SwdPNY2yusp,SwdPNY2yusp,,INHERENT,FALSE,,,
"PMTCT_STAT (N, TA, Known/New/Age) TARGET: Known Results",PMTCT_STAT_N_TA_Known_New_Age_TARGET,"25+, Newly Identified Positive",zFKvno8cvMG,zFKvno8cvMG,,INHERENT,FALSE,,,
"PMTCT_STAT (N, TA, Known/New): Known Results",PMTCT_STAT_N_TA_Known_New,Known at Entry Positive,neHuvP4hXSh,neHuvP4hXSh,,OTHER,FALSE,,,
"PMTCT_STAT (N, TA, Known/New): Known Results",PMTCT_STAT_N_TA_Known_New,Newly Identified Positive,bCQbUtCKzTE,bCQbUtCKzTE,,OTHER,FALSE,,,
"PMTCT_STAT (N, TA, Known/New) TARGET: Known Results",PMTCT_STAT_N_TA_Known_New_TARGET,Known at Entry Positive,neHuvP4hXSh,neHuvP4hXSh,,OTHER,FALSE,,,
"PMTCT_STAT (N, TA, Known/New) TARGET: Known Results",PMTCT_STAT_N_TA_Known_New_TARGET,Newly Identified Positive,bCQbUtCKzTE,bCQbUtCKzTE,,OTHER,FALSE,,,
"PMTCT_STAT (N, TA): Known Results",PMTCT_STAT_N_TA,default,HllvX50cXC0,HllvX50cXC0,,DEFAULT,FALSE,,,
"PMTCT_STAT (N, TA_NARRATIVE): Known Results",PMTCT_STAT_N_TA_NARRATIVE,default,HllvX50cXC0,HllvX50cXC0,,DEFAULT,FALSE,,,
"PMTCT_STAT (N, TA_NARRATIVE) TARGET: Known Results",PMTCT_STAT_N_TA_NARRATIVE_TARGET,default,HllvX50cXC0,HllvX50cXC0,,DEFAULT,FALSE,,,
"PMTCT_STAT (N, TA) TARGET: Known Results",PMTCT_STAT_N_TA_TARGET,default,HllvX50cXC0,HllvX50cXC0,,DEFAULT,FALSE,,,
"PMTCT_EID (N, DSD, InfantTest): Infant Testing",PMTCT_EID_N_DSD_InfantTest,,SUZb0Pz1kTI,SUZb0Pz1kTI,,NULL,FALSE,,,
"PMTCT_EID (N, DSD, InfantTest): Infant Testing",PMTCT_EID_N_DSD_InfantTest,Infant Test (first) between 2 and 12,VWVnudIgTz2,VWVnudIgTz2,,CODED,FALSE,,,
"PMTCT_EID (N, DSD, InfantTest): Infant Testing",PMTCT_EID_N_DSD_InfantTest,Infant Test Positive Within First Year,eIGlE4lJvSv,eIGlE4lJvSv,,CODED,FALSE,,,
"PMTCT_EID (N, DSD, InfantTest): Infant Testing",PMTCT_EID_N_DSD_InfantTest,Infant Test within 2 months of birth,Z6au9xR1fym,Z6au9xR1fym,,CODED,FALSE,,,
"PMTCT_EID (N, DSD): Infant Testing",PMTCT_EID_N_DSD,default,HllvX50cXC0,HllvX50cXC0,,DEFAULT,FALSE,,,
"PMTCT_EID (N, DSD, InfantTest) TARGET: Infant Testing",PMTCT_EID_N_DSD_InfantTest_TARGET,,SUZb0Pz1kTI,SUZb0Pz1kTI,,NULL,FALSE,,,
"PMTCT_EID (N, DSD, InfantTest) TARGET: Infant Testing",PMTCT_EID_N_DSD_InfantTest_TARGET,Infant Test (first) between 2 and 12,VWVnudIgTz2,VWVnudIgTz2,,CODED,FALSE,,,
"PMTCT_EID (N, DSD, InfantTest) TARGET: Infant Testing",PMTCT_EID_N_DSD_InfantTest_TARGET,Infant Test Positive Within First Year,eIGlE4lJvSv,eIGlE4lJvSv,,CODED,FALSE,,,
"PMTCT_EID (N, DSD, InfantTest) TARGET: Infant Testing",PMTCT_EID_N_DSD_InfantTest_TARGET,Infant Test within 2 months of birth,Z6au9xR1fym,Z6au9xR1fym,,CODED,FALSE,,,
"PMTCT_EID (N, DSD_NARRATIVE): Infant Testing",PMTCT_EID_N_DSD_NARRATIVE,default,HllvX50cXC0,HllvX50cXC0,,DEFAULT,FALSE,,,
"PMTCT_EID (N, DSD_NARRATIVE) TARGET: Infant Testing",PMTCT_EID_N_DSD_NARRATIVE_TARGET,default,HllvX50cXC0,HllvX50cXC0,,DEFAULT,FALSE,,,
"PMTCT_EID (N, DSD) TARGET: Infant Testing",PMTCT_EID_N_DSD_TARGET,default,HllvX50cXC0,HllvX50cXC0,,DEFAULT,FALSE,,,
"PMTCT_EID (N, TA, InfantTest): Infant Testing",PMTCT_EID_N_TA_InfantTest,,SUZb0Pz1kTI,SUZb0Pz1kTI,,NULL,FALSE,,,
"PMTCT_EID (N, TA, InfantTest): Infant Testing",PMTCT_EID_N_TA_InfantTest,Infant Test (first) between 2 and 12,VWVnudIgTz2,VWVnudIgTz2,,CODED,FALSE,,,
"PMTCT_EID (N, TA, InfantTest): Infant Testing",PMTCT_EID_N_TA_InfantTest,Infant Test Positive Within First Year,eIGlE4lJvSv,eIGlE4lJvSv,,CODED,FALSE,,,
"PMTCT_EID (N, TA, InfantTest): Infant Testing",PMTCT_EID_N_TA_InfantTest,Infant Test within 2 months of birth,Z6au9xR1fym,Z6au9xR1fym,,CODED,FALSE,,,
"PMTCT_EID (N, TA): Infant Testing",PMTCT_EID_N_TA,default,HllvX50cXC0,HllvX50cXC0,,DEFAULT,FALSE,,,
"PMTCT_EID (N, TA, InfantTest) TARGET: Infant Testing",PMTCT_EID_N_TA_InfantTest_TARGET,,SUZb0Pz1kTI,SUZb0Pz1kTI,,NULL,FALSE,,,
"PMTCT_EID (N, TA, InfantTest) TARGET: Infant Testing",PMTCT_EID_N_TA_InfantTest_TARGET,Infant Test (first) between 2 and 12,VWVnudIgTz2,VWVnudIgTz2,,CODED,FALSE,,,
"PMTCT_EID (N, TA, InfantTest) TARGET: Infant Testing",PMTCT_EID_N_TA_InfantTest_TARGET,Infant Test Positive Within First Year,eIGlE4lJvSv,eIGlE4lJvSv,,CODED,FALSE,,,
"PMTCT_EID (N, TA, InfantTest) TARGET: Infant Testing",PMTCT_EID_N_TA_InfantTest_TARGET,Infant Test within 2 months of birth,Z6au9xR1fym,Z6au9xR1fym,,CODED,FALSE,,,
"PMTCT_EID (N, TA_NARRATIVE): Infant Testing",PMTCT_EID_N_TA_NARRATIVE,default,HllvX50cXC0,HllvX50cXC0,,DEFAULT,FALSE,,,
"PMTCT_EID (N, TA_NARRATIVE) TARGET: Infant Testing",PMTCT_EID_N_TA_NARRATIVE_TARGET,default,HllvX50cXC0,HllvX50cXC0,,DEFAULT,FALSE,,,
"PMTCT_EID (N, TA) TARGET: Infant Testing",PMTCT_EID_N_TA_TARGET,default,HllvX50cXC0,HllvX50cXC0,,DEFAULT,FALSE,,,
"PMTCT_EID_POS_12MO (N, DSD): Infant Testing",PMTCT_EID_POS_12MO_N_DSD,default,HllvX50cXC0,HllvX50cXC0,,DEFAULT,FALSE,,,
"PMTCT_EID_POS_12MO (N, DSD) TARGET: Infant Testing",PMTCT_EID_POS_12MO_N_DSD_TARGET,default,HllvX50cXC0,HllvX50cXC0,,DEFAULT,FALSE,,,
"PMTCT_EID_POS_12MO (N, TA): Infant Testing",PMTCT_EID_POS_12MO_N_TA,default,HllvX50cXC0,HllvX50cXC0,,DEFAULT,FALSE,,,
"PMTCT_EID_POS_12MO (N, TA) TARGET: Infant Testing",PMTCT_EID_POS_12MO_N_TA_TARGET,default,HllvX50cXC0,HllvX50cXC0,,DEFAULT,FALSE,,,
"PMTCT_EID_POS_2MO (N, DSD): Infant Testing",PMTCT_EID_POS_2MO_N_DSD,default,HllvX50cXC0,HllvX50cXC0,,DEFAULT,FALSE,,,
"PMTCT_EID_POS_2MO (N, DSD) TARGET: Infant Testing",PMTCT_EID_POS_2MO_N_DSD_TARGET,default,HllvX50cXC0,HllvX50cXC0,,DEFAULT,FALSE,,,
"PMTCT_EID_POS_2MO (N, TA): Infant Testing",PMTCT_EID_POS_2MO_N_TA,default,HllvX50cXC0,HllvX50cXC0,,DEFAULT,FALSE,,,
"PMTCT_EID_POS_2MO (N, TA) TARGET: Infant Testing",PMTCT_EID_POS_2MO_N_TA_TARGET,default,HllvX50cXC0,HllvX50cXC0,,DEFAULT,FALSE,,,
"TB_ART (D, DSD_NARRATIVE): Registered TB/HIV",TB_ART_D_DSD_NARRATIVE,default,HllvX50cXC0,HllvX50cXC0,,DEFAULT,FALSE,,,
"TB_ART (D, DSD_NARRATIVE) TARGET: Registered TB/HIV",TB_ART_D_DSD_NARRATIVE_TARGET,default,HllvX50cXC0,HllvX50cXC0,,DEFAULT,FALSE,,,
"TB_ART (D, DSD): Registered TB/HIV",TB_ART_D_DSD,default,HllvX50cXC0,HllvX50cXC0,,DEFAULT,FALSE,,,
"TB_ART (D, DSD) TARGET: Registered TB/HIV",TB_ART_D_DSD_TARGET,default,HllvX50cXC0,HllvX50cXC0,,DEFAULT,FALSE,,,
"TB_ART (D, TA_NARRATIVE): Registered TB/HIV",TB_ART_D_TA_NARRATIVE,default,HllvX50cXC0,HllvX50cXC0,,DEFAULT,FALSE,,,
"TB_ART (D, TA_NARRATIVE) TARGET: Registered TB/HIV",TB_ART_D_TA_NARRATIVE_TARGET,default,HllvX50cXC0,HllvX50cXC0,,DEFAULT,FALSE,,,
"TB_ART (D, TA): Registered TB/HIV",TB_ART_D_TA,default,HllvX50cXC0,HllvX50cXC0,,DEFAULT,FALSE,,,
"TB_ART (D, TA) TARGET: Registered TB/HIV",TB_ART_D_TA_TARGET,default,HllvX50cXC0,HllvX50cXC0,,DEFAULT,FALSE,,,
"TB_ART (N, DSD, Age Aggregated) TARGET: TB/HIV on ART",TB_ART_N_DSD_Age_Aggregated_TARGET,<15,jhbMLCdnlj4,jhbMLCdnlj4,,AGE,FALSE,,,
"TB_ART (N, DSD, Age Aggregated) TARGET: TB/HIV on ART",TB_ART_N_DSD_Age_Aggregated_TARGET,15+,InPoG7SKDpr,InPoG7SKDpr,,AGE,FALSE,,,
"TB_ART (N, DSD, Age Aggregated): TB/HIV on ART",TB_ART_N_DSD_Age_Agg,<15,jhbMLCdnlj4,jhbMLCdnlj4,,AGE,FALSE,,,
"TB_ART (N, DSD, Age Aggregated): TB/HIV on ART",TB_ART_N_DSD_Age_Agg,15+,InPoG7SKDpr,InPoG7SKDpr,,AGE,FALSE,,,
"TB_ART (N, DSD, Age) TARGET: TB/HIV on ART",TB_ART_N_DSD_Age_TARGET,<1,xcWa3LokIXK,xcWa3LokIXK,,AGE,FALSE,,,
"TB_ART (N, DSD, Age) TARGET: TB/HIV on ART",TB_ART_N_DSD_Age_TARGET,41913,fTYPDP23an1,fTYPDP23an1,,OTHER,FALSE,,,
"TB_ART (N, DSD, Age) TARGET: TB/HIV on ART",TB_ART_N_DSD_Age_TARGET,42826,AYfUs0AaKkL,AYfUs0AaKkL,,OTHER,FALSE,,,
"TB_ART (N, DSD, Age) TARGET: TB/HIV on ART",TB_ART_N_DSD_Age_TARGET,15-19,pdoDqvHhbYk,pdoDqvHhbYk,,AGE,FALSE,,,
"TB_ART (N, DSD, Age) TARGET: TB/HIV on ART",TB_ART_N_DSD_Age_TARGET,20+,HzMYcelJAJA,HzMYcelJAJA,,AGE,FALSE,,,
"TB_ART (N, DSD, Age) TARGET: TB/HIV on ART",TB_ART_N_DSD_Age_TARGET,42983,FXIAY2TcHsD,FXIAY2TcHsD,,OTHER,FALSE,,,
"TB_ART (N, DSD, Age): TB/HIV on ART",TB_ART_N_DSD_Age,<1,xcWa3LokIXK,xcWa3LokIXK,,AGE,FALSE,,,
"TB_ART (N, DSD, Age): TB/HIV on ART",TB_ART_N_DSD_Age,41913,fTYPDP23an1,fTYPDP23an1,,OTHER,FALSE,,,
"TB_ART (N, DSD, Age): TB/HIV on ART",TB_ART_N_DSD_Age,42826,AYfUs0AaKkL,AYfUs0AaKkL,,OTHER,FALSE,,,
"TB_ART (N, DSD, Age): TB/HIV on ART",TB_ART_N_DSD_Age,15-19,pdoDqvHhbYk,pdoDqvHhbYk,,AGE,FALSE,,,
"TB_ART (N, DSD, Age): TB/HIV on ART",TB_ART_N_DSD_Age,20+,HzMYcelJAJA,HzMYcelJAJA,,AGE,FALSE,,,
"TB_ART (N, DSD, Age): TB/HIV on ART",TB_ART_N_DSD_Age,42983,FXIAY2TcHsD,FXIAY2TcHsD,,OTHER,FALSE,,,
"TB_ART (N, DSD, ART) TARGET: TB/HIV on ART",TB_ART_N_DSD_ART_TARGET,< 8,HqdRRzeYBu1,HqdRRzeYBu1,,AGE,FALSE,,,
"TB_ART (N, DSD, ART) TARGET: TB/HIV on ART",TB_ART_N_DSD_ART_TARGET,> 8,hS5GcUoBERa,hS5GcUoBERa,,AGE,FALSE,,,
"TB_ART (N, DSD, ART): TB/HIV on ART",TB_ART_N_DSD_ART,< 8,HqdRRzeYBu1,HqdRRzeYBu1,,AGE,FALSE,,,
"TB_ART (N, DSD, ART): TB/HIV on ART",TB_ART_N_DSD_ART,> 8,hS5GcUoBERa,hS5GcUoBERa,,AGE,FALSE,,,
"TB_ART (N, DSD, Known/New) TARGET: TB/HIV on ART",TB_ART_N_DSD_Known_New_TARGET,Known at Entry Positive,neHuvP4hXSh,neHuvP4hXSh,,CODED,FALSE,,,
"TB_ART (N, DSD, Known/New) TARGET: TB/HIV on ART",TB_ART_N_DSD_Known_New_TARGET,Newly Identified Positive,bCQbUtCKzTE,bCQbUtCKzTE,,CODED,FALSE,,,
"TB_ART (N, DSD, Known/New): TB/HIV on ART",TB_ART_N_DSD_Known_New,Known at Entry Positive,neHuvP4hXSh,neHuvP4hXSh,,CODED,FALSE,,,
"TB_ART (N, DSD, Known/New): TB/HIV on ART",TB_ART_N_DSD_Known_New,Newly Identified Positive,bCQbUtCKzTE,bCQbUtCKzTE,,CODED,FALSE,,,
"TB_ART (N, DSD_NARRATIVE) TARGET: TB/HIV on ART",TB_ART_N_DSD_NARRATIVE_TARGET,default,HllvX50cXC0,HllvX50cXC0,,DEFAULT,FALSE,,,
"TB_ART (N, DSD_NARRATIVE): TB/HIV on ART",TB_ART_N_DSD_NARRATIVE,default,HllvX50cXC0,HllvX50cXC0,,CODED,FALSE,,,
"TB_ART (N, DSD, Sex) TARGET: TB/HIV on ART",TB_ART_N_DSD_Sex_TARGET,Female,bHhcxwpICvc,bHhcxwpICvc,,GENDER,FALSE,,,
"TB_ART (N, DSD, Sex) TARGET: TB/HIV on ART",TB_ART_N_DSD_Sex_TARGET,Male,pKlxpSVb56h,pKlxpSVb56h,,GENDER,FALSE,,,
"TB_ART (N, DSD, Sex): TB/HIV on ART",TB_ART_N_DSD_Sex,Female,bHhcxwpICvc,bHhcxwpICvc,,GENDER,FALSE,,,
"TB_ART (N, DSD, Sex): TB/HIV on ART",TB_ART_N_DSD_Sex,Male,pKlxpSVb56h,pKlxpSVb56h,,GENDER,FALSE,,,
"TB_ART (N, DSD) TARGET: TB/HIV on ART",TB_ART_N_DSD_TARGET,default,HllvX50cXC0,HllvX50cXC0,,DEFAULT,FALSE,,,
"TB_ART (N, DSD): TB/HIV on ART",TB_ART_N_DSD,default,HllvX50cXC0,HllvX50cXC0,,DEFAULT,FALSE,,,
"TB_ART (N, TA, Age Aggregated) TARGET: TB/HIV on ART",TB_ART_N_TA_Age_Aggregated_TARGET,<15,jhbMLCdnlj4,jhbMLCdnlj4,,AGE,FALSE,,,
"TB_ART (N, TA, Age Aggregated) TARGET: TB/HIV on ART",TB_ART_N_TA_Age_Aggregated_TARGET,15+,InPoG7SKDpr,InPoG7SKDpr,,AGE,FALSE,,,
"TB_ART (N, TA, Age Aggregated): TB/HIV on ART",TB_ART_N_TA_Age_Agg,<15,jhbMLCdnlj4,jhbMLCdnlj4,,AGE,FALSE,,,
"TB_ART (N, TA, Age Aggregated): TB/HIV on ART",TB_ART_N_TA_Age_Agg,15+,InPoG7SKDpr,InPoG7SKDpr,,AGE,FALSE,,,
"TB_ART (N, TA, Age) TARGET: TB/HIV on ART",TB_ART_N_TA_Age_TARGET,<1,xcWa3LokIXK,xcWa3LokIXK,,AGE,FALSE,,,
"TB_ART (N, TA, Age) TARGET: TB/HIV on ART",TB_ART_N_TA_Age_TARGET,41913,fTYPDP23an1,fTYPDP23an1,,OTHER,FALSE,,,
"TB_ART (N, TA, Age) TARGET: TB/HIV on ART",TB_ART_N_TA_Age_TARGET,42826,AYfUs0AaKkL,AYfUs0AaKkL,,OTHER,FALSE,,,
"TB_ART (N, TA, Age) TARGET: TB/HIV on ART",TB_ART_N_TA_Age_TARGET,15-19,pdoDqvHhbYk,pdoDqvHhbYk,,AGE,FALSE,,,
"TB_ART (N, TA, Age) TARGET: TB/HIV on ART",TB_ART_N_TA_Age_TARGET,20+,HzMYcelJAJA,HzMYcelJAJA,,AGE,FALSE,,,
"TB_ART (N, TA, Age) TARGET: TB/HIV on ART",TB_ART_N_TA_Age_TARGET,42983,FXIAY2TcHsD,FXIAY2TcHsD,,OTHER,FALSE,,,
"TB_ART (N, TA, Age): TB/HIV on ART",TB_ART_N_TA_Age,<1,xcWa3LokIXK,xcWa3LokIXK,,AGE,FALSE,,,
"TB_ART (N, TA, Age): TB/HIV on ART",TB_ART_N_TA_Age,41913,fTYPDP23an1,fTYPDP23an1,,OTHER,FALSE,,,
"TB_ART (N, TA, Age): TB/HIV on ART",TB_ART_N_TA_Age,42826,AYfUs0AaKkL,AYfUs0AaKkL,,OTHER,FALSE,,,
"TB_ART (N, TA, Age): TB/HIV on ART",TB_ART_N_TA_Age,15-19,pdoDqvHhbYk,pdoDqvHhbYk,,AGE,FALSE,,,
"TB_ART (N, TA, Age): TB/HIV on ART",TB_ART_N_TA_Age,20+,HzMYcelJAJA,HzMYcelJAJA,,AGE,FALSE,,,
"TB_ART (N, TA, Age): TB/HIV on ART",TB_ART_N_TA_Age,42983,FXIAY2TcHsD,FXIAY2TcHsD,,OTHER,FALSE,,,
"TB_ART (N, TA, ART) TARGET: TB/HIV on ART",TB_ART_N_TA_ART_TARGET,< 8,HqdRRzeYBu1,HqdRRzeYBu1,,AGE,FALSE,,,
"TB_ART (N, TA, ART) TARGET: TB/HIV on ART",TB_ART_N_TA_ART_TARGET,> 8,hS5GcUoBERa,hS5GcUoBERa,,AGE,FALSE,,,
"TB_ART (N, TA, ART): TB/HIV on ART",TB_ART_N_TA_ART,< 8,HqdRRzeYBu1,HqdRRzeYBu1,,AGE,FALSE,,,
"TB_ART (N, TA, ART): TB/HIV on ART",TB_ART_N_TA_ART,> 8,hS5GcUoBERa,hS5GcUoBERa,,AGE,FALSE,,,
"TB_ART (N, TA, Known/New) TARGET: TB/HIV on ART",TB_ART_N_TA_Known_New_TARGET,Known at Entry Positive,neHuvP4hXSh,neHuvP4hXSh,,CODED,FALSE,,,
"TB_ART (N, TA, Known/New) TARGET: TB/HIV on ART",TB_ART_N_TA_Known_New_TARGET,Newly Identified Positive,bCQbUtCKzTE,bCQbUtCKzTE,,CODED,FALSE,,,
"TB_ART (N, TA, Known/New): TB/HIV on ART",TB_ART_N_TA_Known_New,Known at Entry Positive,neHuvP4hXSh,neHuvP4hXSh,,CODED,FALSE,,,
"TB_ART (N, TA, Known/New): TB/HIV on ART",TB_ART_N_TA_Known_New,Newly Identified Positive,bCQbUtCKzTE,bCQbUtCKzTE,,CODED,FALSE,,,
"TB_ART (N, TA_NARRATIVE) TARGET: TB/HIV on ART",TB_ART_N_TA_NARRATIVE_TARGET,default,HllvX50cXC0,HllvX50cXC0,,DEFAULT,FALSE,,,
"TB_ART (N, TA_NARRATIVE): TB/HIV on ART",TB_ART_N_TA_NARRATIVE,default,HllvX50cXC0,HllvX50cXC0,,DEFAULT,FALSE,,,
"TB_ART (N, TA, Sex) TARGET: TB/HIV on ART",TB_ART_N_TA_Sex_TARGET,Female,bHhcxwpICvc,bHhcxwpICvc,,GENDER,FALSE,,,
"TB_ART (N, TA, Sex) TARGET: TB/HIV on ART",TB_ART_N_TA_Sex_TARGET,Male,pKlxpSVb56h,pKlxpSVb56h,,GENDER,FALSE,,,
"TB_ART (N, TA, Sex): TB/HIV on ART",TB_ART_N_TA_Sex,Female,bHhcxwpICvc,bHhcxwpICvc,,GENDER,FALSE,,,
"TB_ART (N, TA, Sex): TB/HIV on ART",TB_ART_N_TA_Sex,Male,pKlxpSVb56h,pKlxpSVb56h,,GENDER,FALSE,,,
"TB_ART (N, TA) TARGET: TB/HIV on ART",TB_ART_N_TA_TARGET,default,HllvX50cXC0,HllvX50cXC0,,DEFAULT,FALSE,,,
"TB_ART (N, TA): TB/HIV on ART",TB_ART_N_TA,default,HllvX50cXC0,HllvX50cXC0,,DEFAULT,FALSE,,,
"TX_NEW (N, DSD, Age/Sex Aggregated): New on ART",TX_NEW_N_DSD_Age_Sex_Agg,"1-14, Female",eRSrujvALFo,eRSrujvALFo,,INHERENT,FALSE,,,
"TX_NEW (N, DSD, Age/Sex Aggregated): New on ART",TX_NEW_N_DSD_Age_Sex_Agg,"1-14, Male",hX1eZOXrST3,hX1eZOXrST3,,INHERENT,FALSE,,,
"TX_NEW (N, DSD, Age/Sex Aggregated): New on ART",TX_NEW_N_DSD_Age_Sex_Agg,"15+, Female",Yxkz6j1sGN5,Yxkz6j1sGN5,,INHERENT,FALSE,,,
"TX_NEW (N, DSD, Age/Sex Aggregated): New on ART",TX_NEW_N_DSD_Age_Sex_Agg,"15+, Male",O2eX2ntFKqm,O2eX2ntFKqm,,INHERENT,FALSE,,,
"TX_NEW (N, DSD, Age/Sex Aggregated): New on ART",TX_NEW_N_DSD_Age_Sex_Agg,"<1, Female",ztjUFewja1w,ztjUFewja1w,,INHERENT,FALSE,,,
"TX_NEW (N, DSD, Age/Sex Aggregated): New on ART",TX_NEW_N_DSD_Age_Sex_Agg,"<1, Male",BMALk1A0tkq,BMALk1A0tkq,,INHERENT,FALSE,,,
"TX_NEW (N, DSD, Age/Sex Aggregated) TARGET: New on ART",TX_NEW_N_DSD_Age_Sex_Aggregated_TARGET,"1-14, Female",eRSrujvALFo,eRSrujvALFo,,INHERENT,FALSE,,,
"TX_NEW (N, DSD, Age/Sex Aggregated) TARGET: New on ART",TX_NEW_N_DSD_Age_Sex_Aggregated_TARGET,"1-14, Male",hX1eZOXrST3,hX1eZOXrST3,,INHERENT,FALSE,,,
"TX_NEW (N, DSD, Age/Sex Aggregated) TARGET: New on ART",TX_NEW_N_DSD_Age_Sex_Aggregated_TARGET,"15+, Female",Yxkz6j1sGN5,Yxkz6j1sGN5,,INHERENT,FALSE,,,
"TX_NEW (N, DSD, Age/Sex Aggregated) TARGET: New on ART",TX_NEW_N_DSD_Age_Sex_Aggregated_TARGET,"15+, Male",O2eX2ntFKqm,O2eX2ntFKqm,,INHERENT,FALSE,,,
"TX_NEW (N, DSD, Age/Sex Aggregated) TARGET: New on ART",TX_NEW_N_DSD_Age_Sex_Aggregated_TARGET,"<1, Female",ztjUFewja1w,ztjUFewja1w,,INHERENT,FALSE,,,
"TX_NEW (N, DSD, Age/Sex Aggregated) TARGET: New on ART",TX_NEW_N_DSD_Age_Sex_Aggregated_TARGET,"<1, Male",BMALk1A0tkq,BMALk1A0tkq,,INHERENT,FALSE,,,
"TX_NEW (N, DSD, Age/Sex): New on ART",TX_NEW_N_DSD_Age_Sex,"Female, <1",ZyhHquh4Z2P,ZyhHquh4Z2P,,INHERENT,FALSE,,,
"TX_NEW (N, DSD, Age/Sex): New on ART",TX_NEW_N_DSD_Age_Sex,"Female, 10-14",z0wbwpZtARG,z0wbwpZtARG,,INHERENT,FALSE,,,
"TX_NEW (N, DSD, Age/Sex): New on ART",TX_NEW_N_DSD_Age_Sex,"Female, 1-4",bxpwp8JxI2m,bxpwp8JxI2m,,INHERENT,FALSE,,,
"TX_NEW (N, DSD, Age/Sex): New on ART",TX_NEW_N_DSD_Age_Sex,"Female, <15",n1zGODfHRss,n1zGODfHRss,,INHERENT,FALSE,,,
"TX_NEW (N, DSD, Age/Sex): New on ART",TX_NEW_N_DSD_Age_Sex,"Female, 15+",EcoFuW9GibP,EcoFuW9GibP,,INHERENT,FALSE,,,
"TX_NEW (N, DSD, Age/Sex): New on ART",TX_NEW_N_DSD_Age_Sex,"Female, 15-19",Dec8OrrGKqD,Dec8OrrGKqD,,INHERENT,FALSE,,,
"TX_NEW (N, DSD, Age/Sex): New on ART",TX_NEW_N_DSD_Age_Sex,"Female, 20+",JBg7I7BHcbW,JBg7I7BHcbW,,INHERENT,FALSE,,,
"TX_NEW (N, DSD, Age/Sex): New on ART",TX_NEW_N_DSD_Age_Sex,"Female, 20-24",xBa6iiCU4pI,xBa6iiCU4pI,,INHERENT,FALSE,,,
"TX_NEW (N, DSD, Age/Sex): New on ART",TX_NEW_N_DSD_Age_Sex,"Female, 25-49",aiMD4KCP3hp,aiMD4KCP3hp,,INHERENT,FALSE,,,
"TX_NEW (N, DSD, Age/Sex): New on ART",TX_NEW_N_DSD_Age_Sex,"Female, 50+",mGXFBiV4Jmi,mGXFBiV4Jmi,,INHERENT,FALSE,,,
"TX_NEW (N, DSD, Age/Sex): New on ART",TX_NEW_N_DSD_Age_Sex,"Female, 5-9",WjTr93FH7Hx,WjTr93FH7Hx,,INHERENT,FALSE,,,
"TX_NEW (N, DSD, Age/Sex): New on ART",TX_NEW_N_DSD_Age_Sex,"Male, <1",kboLr4Fk1MI,kboLr4Fk1MI,,INHERENT,FALSE,,,
"TX_NEW (N, DSD, Age/Sex): New on ART",TX_NEW_N_DSD_Age_Sex,"Male, 10-14",NrSqXzj0ST2,NrSqXzj0ST2,,INHERENT,FALSE,,,
"TX_NEW (N, DSD, Age/Sex): New on ART",TX_NEW_N_DSD_Age_Sex,"Male, 1-4",zOqFU3yshlq,zOqFU3yshlq,,INHERENT,FALSE,,,
"TX_NEW (N, DSD, Age/Sex): New on ART",TX_NEW_N_DSD_Age_Sex,"Male, <15",FKquYoJOPt9,FKquYoJOPt9,,INHERENT,FALSE,,,
"TX_NEW (N, DSD, Age/Sex): New on ART",TX_NEW_N_DSD_Age_Sex,"Male, 15+",P8sYQ5F8owk,P8sYQ5F8owk,,INHERENT,FALSE,,,
"TX_NEW (N, DSD, Age/Sex): New on ART",TX_NEW_N_DSD_Age_Sex,"Male, 15-19",Dg3j7mFnfMY,Dg3j7mFnfMY,,INHERENT,FALSE,,,
"TX_NEW (N, DSD, Age/Sex): New on ART",TX_NEW_N_DSD_Age_Sex,"Male, 20+",oWEFpksDZtm,oWEFpksDZtm,,INHERENT,FALSE,,,
"TX_NEW (N, DSD, Age/Sex): New on ART",TX_NEW_N_DSD_Age_Sex,"Male, 20-24",Ae0SMRtpsJW,Ae0SMRtpsJW,,INHERENT,FALSE,,,
"TX_NEW (N, DSD, Age/Sex): New on ART",TX_NEW_N_DSD_Age_Sex,"Male, 25-49",k3ITUDV606h,k3ITUDV606h,,INHERENT,FALSE,,,
"TX_NEW (N, DSD, Age/Sex): New on ART",TX_NEW_N_DSD_Age_Sex,"Male, 50+",NSWZvUXsWqf,NSWZvUXsWqf,,INHERENT,FALSE,,,
"TX_NEW (N, DSD, Age/Sex): New on ART",TX_NEW_N_DSD_Age_Sex,"Male, 5-9",cknVa4dQy3G,cknVa4dQy3G,,INHERENT,FALSE,,,
"TX_NEW (N, DSD, Age/Sex) TARGET: New on ART",TX_NEW_N_DSD_Age_Sex_TARGET,"Female, <1",ZyhHquh4Z2P,ZyhHquh4Z2P,,INHERENT,FALSE,,,
"TX_NEW (N, DSD, Age/Sex) TARGET: New on ART",TX_NEW_N_DSD_Age_Sex_TARGET,"Female, 10-14",z0wbwpZtARG,z0wbwpZtARG,,INHERENT,FALSE,,,
"TX_NEW (N, DSD, Age/Sex) TARGET: New on ART",TX_NEW_N_DSD_Age_Sex_TARGET,"Female, 1-4",bxpwp8JxI2m,bxpwp8JxI2m,,INHERENT,FALSE,,,
"TX_NEW (N, DSD, Age/Sex) TARGET: New on ART",TX_NEW_N_DSD_Age_Sex_TARGET,"Female, <15",n1zGODfHRss,n1zGODfHRss,,INHERENT,FALSE,,,
"TX_NEW (N, DSD, Age/Sex) TARGET: New on ART",TX_NEW_N_DSD_Age_Sex_TARGET,"Female, 15+",EcoFuW9GibP,EcoFuW9GibP,,INHERENT,FALSE,,,
"TX_NEW (N, DSD, Age/Sex) TARGET: New on ART",TX_NEW_N_DSD_Age_Sex_TARGET,"Female, 15-19",Dec8OrrGKqD,Dec8OrrGKqD,,INHERENT,FALSE,,,
"TX_NEW (N, DSD, Age/Sex) TARGET: New on ART",TX_NEW_N_DSD_Age_Sex_TARGET,"Female, 20+",JBg7I7BHcbW,JBg7I7BHcbW,,INHERENT,FALSE,,,
"TX_NEW (N, DSD, Age/Sex) TARGET: New on ART",TX_NEW_N_DSD_Age_Sex_TARGET,"Female, 20-24",xBa6iiCU4pI,xBa6iiCU4pI,,INHERENT,FALSE,,,
"TX_NEW (N, DSD, Age/Sex) TARGET: New on ART",TX_NEW_N_DSD_Age_Sex_TARGET,"Female, 25-49",aiMD4KCP3hp,aiMD4KCP3hp,,INHERENT,FALSE,,,
"TX_NEW (N, DSD, Age/Sex) TARGET: New on ART",TX_NEW_N_DSD_Age_Sex_TARGET,"Female, 50+",mGXFBiV4Jmi,mGXFBiV4Jmi,,INHERENT,FALSE,,,
"TX_NEW (N, DSD, Age/Sex) TARGET: New on ART",TX_NEW_N_DSD_Age_Sex_TARGET,"Female, 5-9",WjTr93FH7Hx,WjTr93FH7Hx,,INHERENT,FALSE,,,
"TX_NEW (N, DSD, Age/Sex) TARGET: New on ART",TX_NEW_N_DSD_Age_Sex_TARGET,"Male, <1",kboLr4Fk1MI,kboLr4Fk1MI,,INHERENT,FALSE,,,
"TX_NEW (N, DSD, Age/Sex) TARGET: New on ART",TX_NEW_N_DSD_Age_Sex_TARGET,"Male, 10-14",NrSqXzj0ST2,NrSqXzj0ST2,,INHERENT,FALSE,,,
"TX_NEW (N, DSD, Age/Sex) TARGET: New on ART",TX_NEW_N_DSD_Age_Sex_TARGET,"Male, 1-4",zOqFU3yshlq,zOqFU3yshlq,,INHERENT,FALSE,,,
"TX_NEW (N, DSD, Age/Sex) TARGET: New on ART",TX_NEW_N_DSD_Age_Sex_TARGET,"Male, <15",FKquYoJOPt9,FKquYoJOPt9,,INHERENT,FALSE,,,
"TX_NEW (N, DSD, Age/Sex) TARGET: New on ART",TX_NEW_N_DSD_Age_Sex_TARGET,"Male, 15+",P8sYQ5F8owk,P8sYQ5F8owk,,INHERENT,FALSE,,,
"TX_NEW (N, DSD, Age/Sex) TARGET: New on ART",TX_NEW_N_DSD_Age_Sex_TARGET,"Male, 15-19",Dg3j7mFnfMY,Dg3j7mFnfMY,,INHERENT,FALSE,,,
"TX_NEW (N, DSD, Age/Sex) TARGET: New on ART",TX_NEW_N_DSD_Age_Sex_TARGET,"Male, 20+",oWEFpksDZtm,oWEFpksDZtm,,INHERENT,FALSE,,,
"TX_NEW (N, DSD, Age/Sex) TARGET: New on ART",TX_NEW_N_DSD_Age_Sex_TARGET,"Male, 20-24",Ae0SMRtpsJW,Ae0SMRtpsJW,,INHERENT,FALSE,,,
"TX_NEW (N, DSD, Age/Sex) TARGET: New on ART",TX_NEW_N_DSD_Age_Sex_TARGET,"Male, 25-49",k3ITUDV606h,k3ITUDV606h,,INHERENT,FALSE,,,
"TX_NEW (N, DSD, Age/Sex) TARGET: New on ART",TX_NEW_N_DSD_Age_Sex_TARGET,"Male, 50+",NSWZvUXsWqf,NSWZvUXsWqf,,INHERENT,FALSE,,,
"TX_NEW (N, DSD, Age/Sex) TARGET: New on ART",TX_NEW_N_DSD_Age_Sex_TARGET,"Male, 5-9",cknVa4dQy3G,cknVa4dQy3G,,INHERENT,FALSE,,,
"TX_NEW (N, DSD_NARRATIVE): New on ART",TX_NEW_N_DSD_NARRATIVE,default,HllvX50cXC0,HllvX50cXC0,,DEFAULT,FALSE,,,
"TX_NEW (N, DSD_NARRATIVE) TARGET: New on ART",TX_NEW_N_DSD_NARRATIVE_TARGET,default,HllvX50cXC0,HllvX50cXC0,,DEFAULT,FALSE,,,
"TX_NEW (N, DSD): New on ART",TX_NEW_N_DSD,default,HllvX50cXC0,HllvX50cXC0,,DEFAULT,FALSE,,,
"TX_NEW (N, DSD, Preg/Feeding): New on ART",TX_NEW_N_DSD_Preg_Feeding,Breastfeeding,jaxEUorPKgv,jaxEUorPKgv,,CODED,FALSE,,,
"TX_NEW (N, DSD, Preg/Feeding): New on ART",TX_NEW_N_DSD_Preg_Feeding,Pregnant,vxBSF1mguas,vxBSF1mguas,,CODED,FALSE,,,
"TX_NEW (N, DSD, Preg/Feeding) TARGET: New on ART",TX_NEW_N_DSD_Preg_Feeding_TARGET,Breastfeeding,jaxEUorPKgv,jaxEUorPKgv,,CODED,FALSE,,,
"TX_NEW (N, DSD, Preg/Feeding) TARGET: New on ART",TX_NEW_N_DSD_Preg_Feeding_TARGET,Pregnant,vxBSF1mguas,vxBSF1mguas,,CODED,FALSE,,,
"TX_NEW (N, DSD) TARGET: New on ART",TX_NEW_N_DSD_TARGET,default,HllvX50cXC0,HllvX50cXC0,,DEFAULT,FALSE,,,
"TX_NEW (N, TA, Age/Sex Aggregated): New on ART",TX_NEW_N_TA_Age_Sex_Aggregated,"1-14, Female",eRSrujvALFo,eRSrujvALFo,,INHERENT,FALSE,,,
"TX_NEW (N, TA, Age/Sex Aggregated): New on ART",TX_NEW_N_TA_Age_Sex_Aggregated,"1-14, Male",hX1eZOXrST3,hX1eZOXrST3,,INHERENT,FALSE,,,
"TX_NEW (N, TA, Age/Sex Aggregated): New on ART",TX_NEW_N_TA_Age_Sex_Aggregated,"15+, Female",Yxkz6j1sGN5,Yxkz6j1sGN5,,INHERENT,FALSE,,,
"TX_NEW (N, TA, Age/Sex Aggregated): New on ART",TX_NEW_N_TA_Age_Sex_Aggregated,"15+, Male",O2eX2ntFKqm,O2eX2ntFKqm,,INHERENT,FALSE,,,
"TX_NEW (N, TA, Age/Sex Aggregated): New on ART",TX_NEW_N_TA_Age_Sex_Aggregated,"<1, Female",ztjUFewja1w,ztjUFewja1w,,INHERENT,FALSE,,,
"TX_NEW (N, TA, Age/Sex Aggregated): New on ART",TX_NEW_N_TA_Age_Sex_Aggregated,"<1, Male",BMALk1A0tkq,BMALk1A0tkq,,INHERENT,FALSE,,,
"TX_NEW (N, TA, Age/Sex Aggregated) TARGET: New on ART",TX_NEW_N_TA_Age_Sex_Aggregated_TARGET,"1-14, Female",eRSrujvALFo,eRSrujvALFo,,INHERENT,FALSE,,,
"TX_NEW (N, TA, Age/Sex Aggregated) TARGET: New on ART",TX_NEW_N_TA_Age_Sex_Aggregated_TARGET,"1-14, Male",hX1eZOXrST3,hX1eZOXrST3,,INHERENT,FALSE,,,
"TX_NEW (N, TA, Age/Sex Aggregated) TARGET: New on ART",TX_NEW_N_TA_Age_Sex_Aggregated_TARGET,"15+, Female",Yxkz6j1sGN5,Yxkz6j1sGN5,,INHERENT,FALSE,,,
"TX_NEW (N, TA, Age/Sex Aggregated) TARGET: New on ART",TX_NEW_N_TA_Age_Sex_Aggregated_TARGET,"15+, Male",O2eX2ntFKqm,O2eX2ntFKqm,,INHERENT,FALSE,,,
"TX_NEW (N, TA, Age/Sex Aggregated) TARGET: New on ART",TX_NEW_N_TA_Age_Sex_Aggregated_TARGET,"<1, Female",ztjUFewja1w,ztjUFewja1w,,INHERENT,FALSE,,,
"TX_NEW (N, TA, Age/Sex Aggregated) TARGET: New on ART",TX_NEW_N_TA_Age_Sex_Aggregated_TARGET,"<1, Male",BMALk1A0tkq,BMALk1A0tkq,,INHERENT,FALSE,,,
"TX_NEW (N, TA, Age/Sex): New on ART",TX_NEW_N_TA_Age_Sex,"Female, <1",ZyhHquh4Z2P,ZyhHquh4Z2P,,INHERENT,FALSE,,,
"TX_NEW (N, TA, Age/Sex): New on ART",TX_NEW_N_TA_Age_Sex,"Female, 10-14",z0wbwpZtARG,z0wbwpZtARG,,INHERENT,FALSE,,,
"TX_NEW (N, TA, Age/Sex): New on ART",TX_NEW_N_TA_Age_Sex,"Female, 1-4",bxpwp8JxI2m,bxpwp8JxI2m,,INHERENT,FALSE,,,
"TX_NEW (N, TA, Age/Sex): New on ART",TX_NEW_N_TA_Age_Sex,"Female, <15",n1zGODfHRss,n1zGODfHRss,,INHERENT,FALSE,,,
"TX_NEW (N, TA, Age/Sex): New on ART",TX_NEW_N_TA_Age_Sex,"Female, 15+",EcoFuW9GibP,EcoFuW9GibP,,INHERENT,FALSE,,,
"TX_NEW (N, TA, Age/Sex): New on ART",TX_NEW_N_TA_Age_Sex,"Female, 15-19",Dec8OrrGKqD,Dec8OrrGKqD,,INHERENT,FALSE,,,
"TX_NEW (N, TA, Age/Sex): New on ART",TX_NEW_N_TA_Age_Sex,"Female, 20+",JBg7I7BHcbW,JBg7I7BHcbW,,INHERENT,FALSE,,,
"TX_NEW (N, TA, Age/Sex): New on ART",TX_NEW_N_TA_Age_Sex,"Female, 20-24",xBa6iiCU4pI,xBa6iiCU4pI,,INHERENT,FALSE,,,
"TX_NEW (N, TA, Age/Sex): New on ART",TX_NEW_N_TA_Age_Sex,"Female, 25-49",aiMD4KCP3hp,aiMD4KCP3hp,,INHERENT,FALSE,,,
"TX_NEW (N, TA, Age/Sex): New on ART",TX_NEW_N_TA_Age_Sex,"Female, 50+",mGXFBiV4Jmi,mGXFBiV4Jmi,,INHERENT,FALSE,,,
"TX_NEW (N, TA, Age/Sex): New on ART",TX_NEW_N_TA_Age_Sex,"Female, 5-9",WjTr93FH7Hx,WjTr93FH7Hx,,INHERENT,FALSE,,,
"TX_NEW (N, TA, Age/Sex): New on ART",TX_NEW_N_TA_Age_Sex,"Male, <1",kboLr4Fk1MI,kboLr4Fk1MI,,INHERENT,FALSE,,,
"TX_NEW (N, TA, Age/Sex): New on ART",TX_NEW_N_TA_Age_Sex,"Male, 10-14",NrSqXzj0ST2,NrSqXzj0ST2,,INHERENT,FALSE,,,
"TX_NEW (N, TA, Age/Sex): New on ART",TX_NEW_N_TA_Age_Sex,"Male, 1-4",zOqFU3yshlq,zOqFU3yshlq,,INHERENT,FALSE,,,
"TX_NEW (N, TA, Age/Sex): New on ART",TX_NEW_N_TA_Age_Sex,"Male, <15",FKquYoJOPt9,FKquYoJOPt9,,INHERENT,FALSE,,,
"TX_NEW (N, TA, Age/Sex): New on ART",TX_NEW_N_TA_Age_Sex,"Male, 15+",P8sYQ5F8owk,P8sYQ5F8owk,,INHERENT,FALSE,,,
"TX_NEW (N, TA, Age/Sex): New on ART",TX_NEW_N_TA_Age_Sex,"Male, 15-19",Dg3j7mFnfMY,Dg3j7mFnfMY,,INHERENT,FALSE,,,
"TX_NEW (N, TA, Age/Sex): New on ART",TX_NEW_N_TA_Age_Sex,"Male, 20+",oWEFpksDZtm,oWEFpksDZtm,,INHERENT,FALSE,,,
"TX_NEW (N, TA, Age/Sex): New on ART",TX_NEW_N_TA_Age_Sex,"Male, 20-24",Ae0SMRtpsJW,Ae0SMRtpsJW,,INHERENT,FALSE,,,
"TX_NEW (N, TA, Age/Sex): New on ART",TX_NEW_N_TA_Age_Sex,"Male, 25-49",k3ITUDV606h,k3ITUDV606h,,INHERENT,FALSE,,,
"TX_NEW (N, TA, Age/Sex): New on ART",TX_NEW_N_TA_Age_Sex,"Male, 50+",NSWZvUXsWqf,NSWZvUXsWqf,,INHERENT,FALSE,,,
"TX_NEW (N, TA, Age/Sex): New on ART",TX_NEW_N_TA_Age_Sex,"Male, 5-9",cknVa4dQy3G,cknVa4dQy3G,,INHERENT,FALSE,,,
"TX_NEW (N, TA, Age/Sex) TARGET: New on ART",TX_NEW_N_TA_Age_Sex_TARGET,"Female, <1",ZyhHquh4Z2P,ZyhHquh4Z2P,,INHERENT,FALSE,,,
"TX_NEW (N, TA, Age/Sex) TARGET: New on ART",TX_NEW_N_TA_Age_Sex_TARGET,"Female, 10-14",z0wbwpZtARG,z0wbwpZtARG,,INHERENT,FALSE,,,
"TX_NEW (N, TA, Age/Sex) TARGET: New on ART",TX_NEW_N_TA_Age_Sex_TARGET,"Female, 1-4",bxpwp8JxI2m,bxpwp8JxI2m,,INHERENT,FALSE,,,
"TX_NEW (N, TA, Age/Sex) TARGET: New on ART",TX_NEW_N_TA_Age_Sex_TARGET,"Female, <15",n1zGODfHRss,n1zGODfHRss,,INHERENT,FALSE,,,
"TX_NEW (N, TA, Age/Sex) TARGET: New on ART",TX_NEW_N_TA_Age_Sex_TARGET,"Female, 15+",EcoFuW9GibP,EcoFuW9GibP,,INHERENT,FALSE,,,
"TX_NEW (N, TA, Age/Sex) TARGET: New on ART",TX_NEW_N_TA_Age_Sex_TARGET,"Female, 15-19",Dec8OrrGKqD,Dec8OrrGKqD,,INHERENT,FALSE,,,
"TX_NEW (N, TA, Age/Sex) TARGET: New on ART",TX_NEW_N_TA_Age_Sex_TARGET,"Female, 20+",JBg7I7BHcbW,JBg7I7BHcbW,,INHERENT,FALSE,,,
"TX_NEW (N, TA, Age/Sex) TARGET: New on ART",TX_NEW_N_TA_Age_Sex_TARGET,"Female, 20-24",xBa6iiCU4pI,xBa6iiCU4pI,,INHERENT,FALSE,,,
"TX_NEW (N, TA, Age/Sex) TARGET: New on ART",TX_NEW_N_TA_Age_Sex_TARGET,"Female, 25-49",aiMD4KCP3hp,aiMD4KCP3hp,,INHERENT,FALSE,,,
"TX_NEW (N, TA, Age/Sex) TARGET: New on ART",TX_NEW_N_TA_Age_Sex_TARGET,"Female, 50+",mGXFBiV4Jmi,mGXFBiV4Jmi,,INHERENT,FALSE,,,
"TX_NEW (N, TA, Age/Sex) TARGET: New on ART",TX_NEW_N_TA_Age_Sex_TARGET,"Female, 5-9",WjTr93FH7Hx,WjTr93FH7Hx,,INHERENT,FALSE,,,
"TX_NEW (N, TA, Age/Sex) TARGET: New on ART",TX_NEW_N_TA_Age_Sex_TARGET,"Male, <1",kboLr4Fk1MI,kboLr4Fk1MI,,INHERENT,FALSE,,,
"TX_NEW (N, TA, Age/Sex) TARGET: New on ART",TX_NEW_N_TA_Age_Sex_TARGET,"Male, 10-14",NrSqXzj0ST2,NrSqXzj0ST2,,INHERENT,FALSE,,,
"TX_NEW (N, TA, Age/Sex) TARGET: New on ART",TX_NEW_N_TA_Age_Sex_TARGET,"Male, 1-4",zOqFU3yshlq,zOqFU3yshlq,,INHERENT,FALSE,,,
"TX_NEW (N, TA, Age/Sex) TARGET: New on ART",TX_NEW_N_TA_Age_Sex_TARGET,"Male, <15",FKquYoJOPt9,FKquYoJOPt9,,INHERENT,FALSE,,,
"TX_NEW (N, TA, Age/Sex) TARGET: New on ART",TX_NEW_N_TA_Age_Sex_TARGET,"Male, 15+",P8sYQ5F8owk,P8sYQ5F8owk,,INHERENT,FALSE,,,
"TX_NEW (N, TA, Age/Sex) TARGET: New on ART",TX_NEW_N_TA_Age_Sex_TARGET,"Male, 15-19",Dg3j7mFnfMY,Dg3j7mFnfMY,,INHERENT,FALSE,,,
"TX_NEW (N, TA, Age/Sex) TARGET: New on ART",TX_NEW_N_TA_Age_Sex_TARGET,"Male, 20+",oWEFpksDZtm,oWEFpksDZtm,,INHERENT,FALSE,,,
"TX_NEW (N, TA, Age/Sex) TARGET: New on ART",TX_NEW_N_TA_Age_Sex_TARGET,"Male, 20-24",Ae0SMRtpsJW,Ae0SMRtpsJW,,INHERENT,FALSE,,,
"TX_NEW (N, TA, Age/Sex) TARGET: New on ART",TX_NEW_N_TA_Age_Sex_TARGET,"Male, 25-49",k3ITUDV606h,k3ITUDV606h,,INHERENT,FALSE,,,
"TX_NEW (N, TA, Age/Sex) TARGET: New on ART",TX_NEW_N_TA_Age_Sex_TARGET,"Male, 50+",NSWZvUXsWqf,NSWZvUXsWqf,,INHERENT,FALSE,,,
"TX_NEW (N, TA, Age/Sex) TARGET: New on ART",TX_NEW_N_TA_Age_Sex_TARGET,"Male, 5-9",cknVa4dQy3G,cknVa4dQy3G,,INHERENT,FALSE,,,
"TX_NEW (N, TA_NARRATIVE): New on ART",TX_NEW_N_TA_NARRATIVE,default,HllvX50cXC0,HllvX50cXC0,,DEFAULT,FALSE,,,
"TX_NEW (N, TA_NARRATIVE) TARGET: New on ART",TX_NEW_N_TA_NARRATIVE_TARGET,default,HllvX50cXC0,HllvX50cXC0,,DEFAULT,FALSE,,,
"TX_NEW (N, TA): New on ART",TX_NEW_N_TA,default,HllvX50cXC0,HllvX50cXC0,,DEFAULT,FALSE,,,
"TX_NEW (N, TA, Preg/Feeding): New on ART",TX_NEW_N_TA_Preg_Feeding,Breastfeeding,jaxEUorPKgv,jaxEUorPKgv,,CODED,FALSE,,,
"TX_NEW (N, TA, Preg/Feeding): New on ART",TX_NEW_N_TA_Preg_Feeding,Pregnant,vxBSF1mguas,vxBSF1mguas,,CODED,FALSE,,,
"TX_NEW (N, TA, Preg/Feeding) TARGET: New on ART",TX_NEW_N_TA_Preg_Feeding_TARGET,Breastfeeding,jaxEUorPKgv,jaxEUorPKgv,,CODED,FALSE,,,
"TX_NEW (N, TA, Preg/Feeding) TARGET: New on ART",TX_NEW_N_TA_Preg_Feeding_TARGET,Pregnant,vxBSF1mguas,vxBSF1mguas,,CODED,FALSE,,,
"TX_NEW (N, TA) TARGET: New on ART",TX_NEW_N_TA_TARGET,default,HllvX50cXC0,HllvX50cXC0,,DEFAULT,FALSE,,,
"TX_CURR (N, DSD, Age/Sex Aggregated): Receiving ART",TX_CURR_N_DSD_Age_Sex_Agg,"1-14, Female",eRSrujvALFo,eRSrujvALFo,,INHERENT,FALSE,,,
"TX_CURR (N, DSD, Age/Sex Aggregated): Receiving ART",TX_CURR_N_DSD_Age_Sex_Agg,"1-14, Male",hX1eZOXrST3,hX1eZOXrST3,,INHERENT,FALSE,,,
"TX_CURR (N, DSD, Age/Sex Aggregated): Receiving ART",TX_CURR_N_DSD_Age_Sex_Agg,"15+, Female",Yxkz6j1sGN5,Yxkz6j1sGN5,,INHERENT,FALSE,,,
"TX_CURR (N, DSD, Age/Sex Aggregated): Receiving ART",TX_CURR_N_DSD_Age_Sex_Agg,"15+, Male",O2eX2ntFKqm,O2eX2ntFKqm,,INHERENT,FALSE,,,
"TX_CURR (N, DSD, Age/Sex Aggregated): Receiving ART",TX_CURR_N_DSD_Age_Sex_Agg,"<1, Female",ztjUFewja1w,ztjUFewja1w,,INHERENT,FALSE,,,
"TX_CURR (N, DSD, Age/Sex Aggregated): Receiving ART",TX_CURR_N_DSD_Age_Sex_Agg,"<1, Male",BMALk1A0tkq,BMALk1A0tkq,,INHERENT,FALSE,,,
"TX_CURR (N, DSD, Age/Sex Aggregated) TARGET: Receiving ART",TX_CURR_N_DSD_Age_Sex_Aggregated_TARGET,"1-14, Female",eRSrujvALFo,eRSrujvALFo,,INHERENT,FALSE,,,
"TX_CURR (N, DSD, Age/Sex Aggregated) TARGET: Receiving ART",TX_CURR_N_DSD_Age_Sex_Aggregated_TARGET,"1-14, Male",hX1eZOXrST3,hX1eZOXrST3,,INHERENT,FALSE,,,
"TX_CURR (N, DSD, Age/Sex Aggregated) TARGET: Receiving ART",TX_CURR_N_DSD_Age_Sex_Aggregated_TARGET,"15+, Female",Yxkz6j1sGN5,Yxkz6j1sGN5,,INHERENT,FALSE,,,
"TX_CURR (N, DSD, Age/Sex Aggregated) TARGET: Receiving ART",TX_CURR_N_DSD_Age_Sex_Aggregated_TARGET,"15+, Male",O2eX2ntFKqm,O2eX2ntFKqm,,INHERENT,FALSE,,,
"TX_CURR (N, DSD, Age/Sex Aggregated) TARGET: Receiving ART",TX_CURR_N_DSD_Age_Sex_Aggregated_TARGET,"<1, Female",ztjUFewja1w,ztjUFewja1w,,INHERENT,FALSE,,,
"TX_CURR (N, DSD, Age/Sex Aggregated) TARGET: Receiving ART",TX_CURR_N_DSD_Age_Sex_Aggregated_TARGET,"<1, Male",BMALk1A0tkq,BMALk1A0tkq,,INHERENT,FALSE,,,
"TX_CURR (N, DSD, Age/Sex): Receiving ART",TX_CURR_N_DSD_Age_Sex,"1-4, Female",wRU0EHC8D0r,wRU0EHC8D0r,,INHERENT,FALSE,,,
"TX_CURR (N, DSD, Age/Sex): Receiving ART",TX_CURR_N_DSD_Age_Sex,"1-4, Male",OZjJllPnref,OZjJllPnref,,INHERENT,FALSE,,,
"TX_CURR (N, DSD, Age/Sex): Receiving ART",TX_CURR_N_DSD_Age_Sex,"15-19, Female",Ll9Rz1BGdkC,Ll9Rz1BGdkC,,INHERENT,FALSE,,,
"TX_CURR (N, DSD, Age/Sex): Receiving ART",TX_CURR_N_DSD_Age_Sex,"15-19, Male",OYSS83tkZI5,OYSS83tkZI5,,INHERENT,FALSE,,,
"TX_CURR (N, DSD, Age/Sex): Receiving ART",TX_CURR_N_DSD_Age_Sex,"<15, Female",vuCLNfDfasq,vuCLNfDfasq,,INHERENT,FALSE,,,
"TX_CURR (N, DSD, Age/Sex): Receiving ART",TX_CURR_N_DSD_Age_Sex,"15+, Female",eg59hJnpUQ5,eg59hJnpUQ5,,INHERENT,FALSE,,,
"TX_CURR (N, DSD, Age/Sex): Receiving ART",TX_CURR_N_DSD_Age_Sex,"<15, Male",IX2pDKU67Yc,IX2pDKU67Yc,,INHERENT,FALSE,,,
"TX_CURR (N, DSD, Age/Sex): Receiving ART",TX_CURR_N_DSD_Age_Sex,"15+, Male",NtbciHgQY3T,NtbciHgQY3T,,INHERENT,FALSE,,,
"TX_CURR (N, DSD, Age/Sex): Receiving ART",TX_CURR_N_DSD_Age_Sex,"<1, Female",qu0mt6cUdS3,qu0mt6cUdS3,,INHERENT,FALSE,,,
"TX_CURR (N, DSD, Age/Sex): Receiving ART",TX_CURR_N_DSD_Age_Sex,"<1, Male",VL2Zj4gEYS7,VL2Zj4gEYS7,,INHERENT,FALSE,,,
"TX_CURR (N, DSD, Age/Sex): Receiving ART",TX_CURR_N_DSD_Age_Sex,"20+, Female",yvTqAE4KLgb,yvTqAE4KLgb,,INHERENT,FALSE,,,
"TX_CURR (N, DSD, Age/Sex): Receiving ART",TX_CURR_N_DSD_Age_Sex,"20+, Male",QsWMyN9v0pP,QsWMyN9v0pP,,INHERENT,FALSE,,,
"TX_CURR (N, DSD, Age/Sex): Receiving ART",TX_CURR_N_DSD_Age_Sex,"5-14, Female",vbkr3Nvn0Od,vbkr3Nvn0Od,,INHERENT,FALSE,,,
"TX_CURR (N, DSD, Age/Sex): Receiving ART",TX_CURR_N_DSD_Age_Sex,"5-14, Male",Z8tn57PynNZ,Z8tn57PynNZ,,INHERENT,FALSE,,,
"TX_CURR (N, DSD, Age/Sex) TARGET: Receiving ART",TX_CURR_N_DSD_Age_Sex_TARGET,"1-4, Female",wRU0EHC8D0r,wRU0EHC8D0r,,INHERENT,FALSE,,,
"TX_CURR (N, DSD, Age/Sex) TARGET: Receiving ART",TX_CURR_N_DSD_Age_Sex_TARGET,"1-4, Male",OZjJllPnref,OZjJllPnref,,INHERENT,FALSE,,,
"TX_CURR (N, DSD, Age/Sex) TARGET: Receiving ART",TX_CURR_N_DSD_Age_Sex_TARGET,"15-19, Female",Ll9Rz1BGdkC,Ll9Rz1BGdkC,,INHERENT,FALSE,,,
"TX_CURR (N, DSD, Age/Sex) TARGET: Receiving ART",TX_CURR_N_DSD_Age_Sex_TARGET,"15-19, Male",OYSS83tkZI5,OYSS83tkZI5,,INHERENT,FALSE,,,
"TX_CURR (N, DSD, Age/Sex) TARGET: Receiving ART",TX_CURR_N_DSD_Age_Sex_TARGET,"<15, Female",vuCLNfDfasq,vuCLNfDfasq,,INHERENT,FALSE,,,
"TX_CURR (N, DSD, Age/Sex) TARGET: Receiving ART",TX_CURR_N_DSD_Age_Sex_TARGET,"15+, Female",eg59hJnpUQ5,eg59hJnpUQ5,,INHERENT,FALSE,,,
"TX_CURR (N, DSD, Age/Sex) TARGET: Receiving ART",TX_CURR_N_DSD_Age_Sex_TARGET,"<15, Male",IX2pDKU67Yc,IX2pDKU67Yc,,INHERENT,FALSE,,,
"TX_CURR (N, DSD, Age/Sex) TARGET: Receiving ART",TX_CURR_N_DSD_Age_Sex_TARGET,"15+, Male",NtbciHgQY3T,NtbciHgQY3T,,INHERENT,FALSE,,,
"TX_CURR (N, DSD, Age/Sex) TARGET: Receiving ART",TX_CURR_N_DSD_Age_Sex_TARGET,"<1, Female",qu0mt6cUdS3,qu0mt6cUdS3,,INHERENT,FALSE,,,
"TX_CURR (N, DSD, Age/Sex) TARGET: Receiving ART",TX_CURR_N_DSD_Age_Sex_TARGET,"<1, Male",VL2Zj4gEYS7,VL2Zj4gEYS7,,INHERENT,FALSE,,,
"TX_CURR (N, DSD, Age/Sex) TARGET: Receiving ART",TX_CURR_N_DSD_Age_Sex_TARGET,"20+, Female",yvTqAE4KLgb,yvTqAE4KLgb,,INHERENT,FALSE,,,
"TX_CURR (N, DSD, Age/Sex) TARGET: Receiving ART",TX_CURR_N_DSD_Age_Sex_TARGET,"20+, Male",QsWMyN9v0pP,QsWMyN9v0pP,,INHERENT,FALSE,,,
"TX_CURR (N, DSD, Age/Sex) TARGET: Receiving ART",TX_CURR_N_DSD_Age_Sex_TARGET,"5-14, Female",vbkr3Nvn0Od,vbkr3Nvn0Od,,INHERENT,FALSE,,,
"TX_CURR (N, DSD, Age/Sex) TARGET: Receiving ART",TX_CURR_N_DSD_Age_Sex_TARGET,"5-14, Male",Z8tn57PynNZ,Z8tn57PynNZ,,INHERENT,FALSE,,,
"TX_CURR (N, DSD_NARRATIVE): Receiving ART",TX_CURR_N_DSD_NARRATIVE,default,HllvX50cXC0,HllvX50cXC0,,DEFAULT,FALSE,,,
"TX_CURR (N, DSD_NARRATIVE) TARGET: Receiving ART",TX_CURR_N_DSD_NARRATIVE_TARGET,default,HllvX50cXC0,HllvX50cXC0,,DEFAULT,FALSE,,,
"TX_CURR (N, DSD): Receiving ART",TX_CURR_N_DSD,default,HllvX50cXC0,HllvX50cXC0,,DEFAULT,FALSE,,,
"TX_CURR (N, DSD) TARGET: Receiving ART",TX_CURR_N_DSD_TARGET,default,HllvX50cXC0,HllvX50cXC0,,DEFAULT,FALSE,,,
"TX_CURR (N, TA, Age/Sex, Aggregated): Receiving ART",TX_CURR_N_TA_Age_Sex_Agg,"1-14, Female",eRSrujvALFo,eRSrujvALFo,,INHERENT,FALSE,,,
"TX_CURR (N, TA, Age/Sex, Aggregated): Receiving ART",TX_CURR_N_TA_Age_Sex_Agg,"1-14, Male",hX1eZOXrST3,hX1eZOXrST3,,INHERENT,FALSE,,,
"TX_CURR (N, TA, Age/Sex, Aggregated): Receiving ART",TX_CURR_N_TA_Age_Sex_Agg,"15+, Female",Yxkz6j1sGN5,Yxkz6j1sGN5,,INHERENT,FALSE,,,
"TX_CURR (N, TA, Age/Sex, Aggregated): Receiving ART",TX_CURR_N_TA_Age_Sex_Agg,"15+, Male",O2eX2ntFKqm,O2eX2ntFKqm,,INHERENT,FALSE,,,
"TX_CURR (N, TA, Age/Sex, Aggregated): Receiving ART",TX_CURR_N_TA_Age_Sex_Agg,"<1, Female",ztjUFewja1w,ztjUFewja1w,,INHERENT,FALSE,,,
"TX_CURR (N, TA, Age/Sex, Aggregated): Receiving ART",TX_CURR_N_TA_Age_Sex_Agg,"<1, Male",BMALk1A0tkq,BMALk1A0tkq,,INHERENT,FALSE,,,
"TX_CURR (N, TA, Age/Sex, Aggregated) TARGET: Receiving ART",TX_CURR_N_TA_Age_Sex_Aggregated_TARGET,"1-14, Female",eRSrujvALFo,eRSrujvALFo,,INHERENT,FALSE,,,
"TX_CURR (N, TA, Age/Sex, Aggregated) TARGET: Receiving ART",TX_CURR_N_TA_Age_Sex_Aggregated_TARGET,"1-14, Male",hX1eZOXrST3,hX1eZOXrST3,,INHERENT,FALSE,,,
"TX_CURR (N, TA, Age/Sex, Aggregated) TARGET: Receiving ART",TX_CURR_N_TA_Age_Sex_Aggregated_TARGET,"15+, Female",Yxkz6j1sGN5,Yxkz6j1sGN5,,INHERENT,FALSE,,,
"TX_CURR (N, TA, Age/Sex, Aggregated) TARGET: Receiving ART",TX_CURR_N_TA_Age_Sex_Aggregated_TARGET,"15+, Male",O2eX2ntFKqm,O2eX2ntFKqm,,INHERENT,FALSE,,,
"TX_CURR (N, TA, Age/Sex, Aggregated) TARGET: Receiving ART",TX_CURR_N_TA_Age_Sex_Aggregated_TARGET,"<1, Female",ztjUFewja1w,ztjUFewja1w,,INHERENT,FALSE,,,
"TX_CURR (N, TA, Age/Sex, Aggregated) TARGET: Receiving ART",TX_CURR_N_TA_Age_Sex_Aggregated_TARGET,"<1, Male",BMALk1A0tkq,BMALk1A0tkq,,INHERENT,FALSE,,,
"TX_CURR (N, TA, Age/Sex): Receiving ART",TX_CURR_N_TA_Age_Sex,"1-4, Female",wRU0EHC8D0r,wRU0EHC8D0r,,INHERENT,FALSE,,,
"TX_CURR (N, TA, Age/Sex): Receiving ART",TX_CURR_N_TA_Age_Sex,"1-4, Male",OZjJllPnref,OZjJllPnref,,INHERENT,FALSE,,,
"TX_CURR (N, TA, Age/Sex): Receiving ART",TX_CURR_N_TA_Age_Sex,"15-19, Female",Ll9Rz1BGdkC,Ll9Rz1BGdkC,,INHERENT,FALSE,,,
"TX_CURR (N, TA, Age/Sex): Receiving ART",TX_CURR_N_TA_Age_Sex,"15-19, Male",OYSS83tkZI5,OYSS83tkZI5,,INHERENT,FALSE,,,
"TX_CURR (N, TA, Age/Sex): Receiving ART",TX_CURR_N_TA_Age_Sex,"<15, Female",vuCLNfDfasq,vuCLNfDfasq,,INHERENT,FALSE,,,
"TX_CURR (N, TA, Age/Sex): Receiving ART",TX_CURR_N_TA_Age_Sex,"15+, Female",eg59hJnpUQ5,eg59hJnpUQ5,,INHERENT,FALSE,,,
"TX_CURR (N, TA, Age/Sex): Receiving ART",TX_CURR_N_TA_Age_Sex,"<15, Male",IX2pDKU67Yc,IX2pDKU67Yc,,INHERENT,FALSE,,,
"TX_CURR (N, TA, Age/Sex): Receiving ART",TX_CURR_N_TA_Age_Sex,"15+, Male",NtbciHgQY3T,NtbciHgQY3T,,INHERENT,FALSE,,,
"TX_CURR (N, TA, Age/Sex): Receiving ART",TX_CURR_N_TA_Age_Sex,"<1, Female",qu0mt6cUdS3,qu0mt6cUdS3,,INHERENT,FALSE,,,
"TX_CURR (N, TA, Age/Sex): Receiving ART",TX_CURR_N_TA_Age_Sex,"<1, Male",VL2Zj4gEYS7,VL2Zj4gEYS7,,INHERENT,FALSE,,,
"TX_CURR (N, TA, Age/Sex): Receiving ART",TX_CURR_N_TA_Age_Sex,"20+, Female",yvTqAE4KLgb,yvTqAE4KLgb,,INHERENT,FALSE,,,
"TX_CURR (N, TA, Age/Sex): Receiving ART",TX_CURR_N_TA_Age_Sex,"20+, Male",QsWMyN9v0pP,QsWMyN9v0pP,,INHERENT,FALSE,,,
"TX_CURR (N, TA, Age/Sex): Receiving ART",TX_CURR_N_TA_Age_Sex,"5-14, Female",vbkr3Nvn0Od,vbkr3Nvn0Od,,INHERENT,FALSE,,,
"TX_CURR (N, TA, Age/Sex): Receiving ART",TX_CURR_N_TA_Age_Sex,"5-14, Male",Z8tn57PynNZ,Z8tn57PynNZ,,INHERENT,FALSE,,,
"TX_CURR (N, TA, Age/Sex) TARGET: Receiving ART",TX_CURR_N_TA_Age_Sex_TARGET,"1-4, Female",wRU0EHC8D0r,wRU0EHC8D0r,,INHERENT,FALSE,,,
"TX_CURR (N, TA, Age/Sex) TARGET: Receiving ART",TX_CURR_N_TA_Age_Sex_TARGET,"1-4, Male",OZjJllPnref,OZjJllPnref,,INHERENT,FALSE,,,
"TX_CURR (N, TA, Age/Sex) TARGET: Receiving ART",TX_CURR_N_TA_Age_Sex_TARGET,"15-19, Female",Ll9Rz1BGdkC,Ll9Rz1BGdkC,,INHERENT,FALSE,,,
"TX_CURR (N, TA, Age/Sex) TARGET: Receiving ART",TX_CURR_N_TA_Age_Sex_TARGET,"15-19, Male",OYSS83tkZI5,OYSS83tkZI5,,INHERENT,FALSE,,,
"TX_CURR (N, TA, Age/Sex) TARGET: Receiving ART",TX_CURR_N_TA_Age_Sex_TARGET,"<15, Female",vuCLNfDfasq,vuCLNfDfasq,,INHERENT,FALSE,,,
"TX_CURR (N, TA, Age/Sex) TARGET: Receiving ART",TX_CURR_N_TA_Age_Sex_TARGET,"15+, Female",eg59hJnpUQ5,eg59hJnpUQ5,,INHERENT,FALSE,,,
"TX_CURR (N, TA, Age/Sex) TARGET: Receiving ART",TX_CURR_N_TA_Age_Sex_TARGET,"<15, Male",IX2pDKU67Yc,IX2pDKU67Yc,,INHERENT,FALSE,,,
"TX_CURR (N, TA, Age/Sex) TARGET: Receiving ART",TX_CURR_N_TA_Age_Sex_TARGET,"15+, Male",NtbciHgQY3T,NtbciHgQY3T,,INHERENT,FALSE,,,
"TX_CURR (N, TA, Age/Sex) TARGET: Receiving ART",TX_CURR_N_TA_Age_Sex_TARGET,"<1, Female",qu0mt6cUdS3,qu0mt6cUdS3,,INHERENT,FALSE,,,
"TX_CURR (N, TA, Age/Sex) TARGET: Receiving ART",TX_CURR_N_TA_Age_Sex_TARGET,"<1, Male",VL2Zj4gEYS7,VL2Zj4gEYS7,,INHERENT,FALSE,,,
"TX_CURR (N, TA, Age/Sex) TARGET: Receiving ART",TX_CURR_N_TA_Age_Sex_TARGET,"20+, Female",yvTqAE4KLgb,yvTqAE4KLgb,,INHERENT,FALSE,,,
"TX_CURR (N, TA, Age/Sex) TARGET: Receiving ART",TX_CURR_N_TA_Age_Sex_TARGET,"20+, Male",QsWMyN9v0pP,QsWMyN9v0pP,,INHERENT,FALSE,,,
"TX_CURR (N, TA, Age/Sex) TARGET: Receiving ART",TX_CURR_N_TA_Age_Sex_TARGET,"5-14, Female",vbkr3Nvn0Od,vbkr3Nvn0Od,,INHERENT,FALSE,,,
"TX_CURR (N, TA, Age/Sex) TARGET: Receiving ART",TX_CURR_N_TA_Age_Sex_TARGET,"5-14, Male",Z8tn57PynNZ,Z8tn57PynNZ,,INHERENT,FALSE,,,
"TX_CURR (N, TA_NARRATIVE): Receiving ART",TX_CURR_N_TA_NARRATIVE,default,HllvX50cXC0,HllvX50cXC0,,DEFAULT,FALSE,,,
"TX_CURR (N, TA_NARRATIVE) TARGET: Receiving ART",TX_CURR_N_TA_NARRATIVE_TARGET,default,HllvX50cXC0,HllvX50cXC0,,DEFAULT,FALSE,,,
"TX_CURR (N, TA): Receiving ART",TX_CURR_N_TA,default,HllvX50cXC0,HllvX50cXC0,,DEFAULT,FALSE,,,
"TX_CURR (N, TA) TARGET: Receiving ART",TX_CURR_N_TA_TARGET,default,HllvX50cXC0,HllvX50cXC0,,DEFAULT,FALSE,,,
"PMTCT_ART (N, DSD_NARRATIVE) TARGET: ARVs",PMTCT_ARV_N_DSD_NARRATIVE_TARGET,default,HllvX50cXC0,HllvX50cXC0,,DEFAULT,FALSE,,,
"PMTCT_ART (N, TA_NARRATIVE) TARGET: ARVs",PMTCT_ARV_N_TA_NARRATIVE_TARGET,default,HllvX50cXC0,HllvX50cXC0,,DEFAULT,FALSE,,,
"PMTCT_FO (D, DSD):Exposed Infants",PMTCT_FO_D_DSD,default,HllvX50cXC0,HllvX50cXC0,,DEFAULT,FALSE,,,
"PMTCT_FO (D, DSD_NARRATIVE):Exposed Infants",PMTCT_FO_D_DSD_NARRATIVE,default,HllvX50cXC0,HllvX50cXC0,,DEFAULT,FALSE,,,
"PMTCT_FO (D, DSD_NARRATIVE) TARGET:Exposed Infants",PMTCT_FO_D_DSD_NARRATIVE_TARGET,default,HllvX50cXC0,HllvX50cXC0,,DEFAULT,FALSE,,,
"PMTCT_FO (D, DSD) TARGET:Exposed Infants",PMTCT_FO_D_DSD_TARGET,default,HllvX50cXC0,HllvX50cXC0,,DEFAULT,FALSE,,,
"PMTCT_FO (D, TA):Exposed Infants",PMTCT_FO_D_TA,default,HllvX50cXC0,HllvX50cXC0,,DEFAULT,FALSE,,,
"PMTCT_FO (D, TA_NARRATIVE): Exposed Infants",PMTCT_FO_D_TA_NARRATIVE,default,HllvX50cXC0,HllvX50cXC0,,DEFAULT,FALSE,,,
"PMTCT_FO (D, TA_NARRATIVE) TARGET: Exposed Infants",PMTCT_FO_D_TA_NARRATIVE_TARGET,default,HllvX50cXC0,HllvX50cXC0,,DEFAULT,FALSE,,,
"PMTCT_FO (D, TA) TARGET:Exposed Infants",PMTCT_FO_D_TA_TARGET,default,HllvX50cXC0,HllvX50cXC0,,DEFAULT,FALSE,,,
"PMTCT_FO (N, DSD): Final Outcomes Exposed Infants",PMTCT_FO_N_DSD,default,HllvX50cXC0,HllvX50cXC0,,DEFAULT,FALSE,,,
"PMTCT_FO (N, DSD_NARRATIVE): Final Outcomes Exposed Infants",PMTCT_FO_N_DSD_NARRATIVE,default,HllvX50cXC0,HllvX50cXC0,,DEFAULT,FALSE,,,
"PMTCT_FO (N, DSD_NARRATIVE) TARGET: Final Outcomes Exposed Infants",PMTCT_FO_N_DSD_NARRATIVE_TARGET,default,HllvX50cXC0,HllvX50cXC0,,DEFAULT,FALSE,,,
"PMTCT_FO (N, DSD, Outcome): Final Outcomes Exposed Infants",PMTCT_FO_N_DSD_Outcome,HIV Infected: Linked to ART,RjhjJgj4qnZ,RjhjJgj4qnZ,,CODED,FALSE,,,
"PMTCT_FO (N, DSD, Outcome): Final Outcomes Exposed Infants",PMTCT_FO_N_DSD_Outcome,HIV Infected: Link to ART Unknown,YqfvNwgGsMB,YqfvNwgGsMB,,CODED,FALSE,,,
"PMTCT_FO (N, DSD, Outcome): Final Outcomes Exposed Infants",PMTCT_FO_N_DSD_Outcome,HIV Infected: Not Linked to ART,ZQnIaVVjR1j,ZQnIaVVjR1j,,CODED,FALSE,,,
"PMTCT_FO (N, DSD, Outcome): Final Outcomes Exposed Infants",PMTCT_FO_N_DSD_Outcome,HIV-Uninfected: Breastfeeding Unknown,rXB6gbRxnBz,rXB6gbRxnBz,,CODED,FALSE,,,
"PMTCT_FO (N, DSD, Outcome): Final Outcomes Exposed Infants",PMTCT_FO_N_DSD_Outcome,HIV-Uninfected: Not Breastfeeding,p5eUT1fDPHz,p5eUT1fDPHz,,CODED,FALSE,,,
"PMTCT_FO (N, DSD, Outcome): Final Outcomes Exposed Infants",PMTCT_FO_N_DSD_Outcome,HIV-Uninfected: Still Breastfeeding,cGXNhGMixOi,cGXNhGMixOi,,CODED,FALSE,,,
"PMTCT_FO (N, DSD, Outcome): Final Outcomes Exposed Infants",PMTCT_FO_N_DSD_Outcome,Other Outcomes: Died,ZU99w9NepJe,ZU99w9NepJe,,CODED,FALSE,,,
"PMTCT_FO (N, DSD, Outcome): Final Outcomes Exposed Infants",PMTCT_FO_N_DSD_Outcome,Other Outcomes: In Care but No Test Done,uJsqzq995dP,uJsqzq995dP,,CODED,FALSE,,,
"PMTCT_FO (N, DSD, Outcome): Final Outcomes Exposed Infants",PMTCT_FO_N_DSD_Outcome,Other Outcomes: Lost to Follow Up,JFAkD8uAI6K,JFAkD8uAI6K,,CODED,FALSE,,,
"PMTCT_FO (N, DSD, Outcome): Final Outcomes Exposed Infants",PMTCT_FO_N_DSD_Outcome,Other Outcomes: Transferred Out,YEKOM4PnA2D,YEKOM4PnA2D,,CODED,FALSE,,,
"PMTCT_FO (N, DSD, Outcome) TARGET: Final Outcomes Exposed Infants",PMTCT_FO_N_DSD_Outcome_TARGET,HIV Infected: Linked to ART,RjhjJgj4qnZ,RjhjJgj4qnZ,,CODED,FALSE,,,
"PMTCT_FO (N, DSD, Outcome) TARGET: Final Outcomes Exposed Infants",PMTCT_FO_N_DSD_Outcome_TARGET,HIV Infected: Link to ART Unknown,YqfvNwgGsMB,YqfvNwgGsMB,,CODED,FALSE,,,
"PMTCT_FO (N, DSD, Outcome) TARGET: Final Outcomes Exposed Infants",PMTCT_FO_N_DSD_Outcome_TARGET,HIV Infected: Not Linked to ART,ZQnIaVVjR1j,ZQnIaVVjR1j,,CODED,FALSE,,,
"PMTCT_FO (N, DSD, Outcome) TARGET: Final Outcomes Exposed Infants",PMTCT_FO_N_DSD_Outcome_TARGET,HIV-Uninfected: Breastfeeding Unknown,rXB6gbRxnBz,rXB6gbRxnBz,,CODED,FALSE,,,
"PMTCT_FO (N, DSD, Outcome) TARGET: Final Outcomes Exposed Infants",PMTCT_FO_N_DSD_Outcome_TARGET,HIV-Uninfected: Not Breastfeeding,p5eUT1fDPHz,p5eUT1fDPHz,,CODED,FALSE,,,
"PMTCT_FO (N, DSD, Outcome) TARGET: Final Outcomes Exposed Infants",PMTCT_FO_N_DSD_Outcome_TARGET,HIV-Uninfected: Still Breastfeeding,cGXNhGMixOi,cGXNhGMixOi,,CODED,FALSE,,,
"PMTCT_FO (N, DSD, Outcome) TARGET: Final Outcomes Exposed Infants",PMTCT_FO_N_DSD_Outcome_TARGET,Other Outcomes: Died,ZU99w9NepJe,ZU99w9NepJe,,CODED,FALSE,,,
"PMTCT_FO (N, DSD, Outcome) TARGET: Final Outcomes Exposed Infants",PMTCT_FO_N_DSD_Outcome_TARGET,Other Outcomes: In Care but No Test Done,uJsqzq995dP,uJsqzq995dP,,CODED,FALSE,,,
"PMTCT_FO (N, DSD, Outcome) TARGET: Final Outcomes Exposed Infants",PMTCT_FO_N_DSD_Outcome_TARGET,Other Outcomes: Lost to Follow Up,JFAkD8uAI6K,JFAkD8uAI6K,,CODED,FALSE,,,
"PMTCT_FO (N, DSD, Outcome) TARGET: Final Outcomes Exposed Infants",PMTCT_FO_N_DSD_Outcome_TARGET,Other Outcomes: Transferred Out,YEKOM4PnA2D,YEKOM4PnA2D,,CODED,FALSE,,,
"PMTCT_FO (N, DSD) TARGET: Final Outcomes Exposed Infants",PMTCT_FO_N_DSD_TARGET,default,HllvX50cXC0,HllvX50cXC0,,DEFAULT,FALSE,,,
"PMTCT_FO (N, TA): Final Outcomes Exposed Infants",PMTCT_FO_N_TA,default,HllvX50cXC0,HllvX50cXC0,,DEFAULT,FALSE,,,
"PMTCT_FO (N, TA_NARRATIVE): Final Outcomes Exposed Infants",PMTCT_FO_N_TA_NARRATIVE,default,HllvX50cXC0,HllvX50cXC0,,DEFAULT,FALSE,,,
"PMTCT_FO (N, TA_NARRATIVE) TARGET: Final Outcomes Exposed Infants",PMTCT_FO_N_TA_NARRATIVE_TARGET,default,HllvX50cXC0,HllvX50cXC0,,DEFAULT,FALSE,,,
"PMTCT_FO (N, TA, Outcome): Final Outcomes Exposed Infants",PMTCT_FO_N_TA_Outcome,HIV Infected: Linked to ART,RjhjJgj4qnZ,RjhjJgj4qnZ,,CODED,FALSE,,,
"PMTCT_FO (N, TA, Outcome): Final Outcomes Exposed Infants",PMTCT_FO_N_TA_Outcome,HIV Infected: Link to ART Unknown,YqfvNwgGsMB,YqfvNwgGsMB,,CODED,FALSE,,,
"PMTCT_FO (N, TA, Outcome): Final Outcomes Exposed Infants",PMTCT_FO_N_TA_Outcome,HIV Infected: Not Linked to ART,ZQnIaVVjR1j,ZQnIaVVjR1j,,CODED,FALSE,,,
"PMTCT_FO (N, TA, Outcome): Final Outcomes Exposed Infants",PMTCT_FO_N_TA_Outcome,HIV-Uninfected: Breastfeeding Unknown,rXB6gbRxnBz,rXB6gbRxnBz,,CODED,FALSE,,,
"PMTCT_FO (N, TA, Outcome): Final Outcomes Exposed Infants",PMTCT_FO_N_TA_Outcome,HIV-Uninfected: Not Breastfeeding,p5eUT1fDPHz,p5eUT1fDPHz,,CODED,FALSE,,,
"PMTCT_FO (N, TA, Outcome): Final Outcomes Exposed Infants",PMTCT_FO_N_TA_Outcome,HIV-Uninfected: Still Breastfeeding,cGXNhGMixOi,cGXNhGMixOi,,CODED,FALSE,,,
"PMTCT_FO (N, TA, Outcome): Final Outcomes Exposed Infants",PMTCT_FO_N_TA_Outcome,Other Outcomes: Died,ZU99w9NepJe,ZU99w9NepJe,,CODED,FALSE,,,
"PMTCT_FO (N, TA, Outcome): Final Outcomes Exposed Infants",PMTCT_FO_N_TA_Outcome,Other Outcomes: In Care but No Test Done,uJsqzq995dP,uJsqzq995dP,,CODED,FALSE,,,
"PMTCT_FO (N, TA, Outcome): Final Outcomes Exposed Infants",PMTCT_FO_N_TA_Outcome,Other Outcomes: Lost to Follow Up,JFAkD8uAI6K,JFAkD8uAI6K,,CODED,FALSE,,,
"PMTCT_FO (N, TA, Outcome): Final Outcomes Exposed Infants",PMTCT_FO_N_TA_Outcome,Other Outcomes: Transferred Out,YEKOM4PnA2D,YEKOM4PnA2D,,CODED,FALSE,,,
"PMTCT_FO (N, TA, Outcome) TARGET: Final Outcomes Exposed Infants",PMTCT_FO_N_TA_Outcome_TARGET,HIV Infected: Linked to ART,RjhjJgj4qnZ,RjhjJgj4qnZ,,CODED,FALSE,,,
"PMTCT_FO (N, TA, Outcome) TARGET: Final Outcomes Exposed Infants",PMTCT_FO_N_TA_Outcome_TARGET,HIV Infected: Link to ART Unknown,YqfvNwgGsMB,YqfvNwgGsMB,,CODED,FALSE,,,
"PMTCT_FO (N, TA, Outcome) TARGET: Final Outcomes Exposed Infants",PMTCT_FO_N_TA_Outcome_TARGET,HIV Infected: Not Linked to ART,ZQnIaVVjR1j,ZQnIaVVjR1j,,CODED,FALSE,,,
"PMTCT_FO (N, TA, Outcome) TARGET: Final Outcomes Exposed Infants",PMTCT_FO_N_TA_Outcome_TARGET,HIV-Uninfected: Breastfeeding Unknown,rXB6gbRxnBz,rXB6gbRxnBz,,CODED,FALSE,,,
"PMTCT_FO (N, TA, Outcome) TARGET: Final Outcomes Exposed Infants",PMTCT_FO_N_TA_Outcome_TARGET,HIV-Uninfected: Not Breastfeeding,p5eUT1fDPHz,p5eUT1fDPHz,,CODED,FALSE,,,
"PMTCT_FO (N, TA, Outcome) TARGET: Final Outcomes Exposed Infants",PMTCT_FO_N_TA_Outcome_TARGET,HIV-Uninfected: Still Breastfeeding,cGXNhGMixOi,cGXNhGMixOi,,CODED,FALSE,,,
"PMTCT_FO (N, TA, Outcome) TARGET: Final Outcomes Exposed Infants",PMTCT_FO_N_TA_Outcome_TARGET,Other Outcomes: Died,ZU99w9NepJe,ZU99w9NepJe,,CODED,FALSE,,,
"PMTCT_FO (N, TA, Outcome) TARGET: Final Outcomes Exposed Infants",PMTCT_FO_N_TA_Outcome_TARGET,Other Outcomes: In Care but No Test Done,uJsqzq995dP,uJsqzq995dP,,CODED,FALSE,,,
"PMTCT_FO (N, TA, Outcome) TARGET: Final Outcomes Exposed Infants",PMTCT_FO_N_TA_Outcome_TARGET,Other Outcomes: Lost to Follow Up,JFAkD8uAI6K,JFAkD8uAI6K,,CODED,FALSE,,,
"PMTCT_FO (N, TA, Outcome) TARGET: Final Outcomes Exposed Infants",PMTCT_FO_N_TA_Outcome_TARGET,Other Outcomes: Transferred Out,YEKOM4PnA2D,YEKOM4PnA2D,,CODED,FALSE,,,
"PMTCT_FO (N, TA) TARGET: Final Outcomes Exposed Infants",PMTCT_FO_N_TA_TARGET,default,HllvX50cXC0,HllvX50cXC0,,DEFAULT,FALSE,,,
"TX_RET (D, DSD, 12mo) TARGET: Alive at 12 mo. after initiating ART",TX_RET_D_DSD_TARGET,default,HllvX50cXC0,HllvX50cXC0,,DEFAULT,FALSE,,,
"TX_RET (D, DSD, Age/Sex): Alive at 12 mo. after initiating ART",TX_RET_D_DSD_Age_Sex,"15-19, Female",tWImGqmWv6d,tWImGqmWv6d,,INHERENT,FALSE,,,
"TX_RET (D, DSD, Age/Sex): Alive at 12 mo. after initiating ART",TX_RET_D_DSD_Age_Sex,"15-19, Male",mFV84J4ijDt,mFV84J4ijDt,,INHERENT,FALSE,,,
"TX_RET (D, DSD, Age/Sex): Alive at 12 mo. after initiating ART",TX_RET_D_DSD_Age_Sex,"20+, Female",AKaKwC6B1eg,AKaKwC6B1eg,,INHERENT,FALSE,,,
"TX_RET (D, DSD, Age/Sex): Alive at 12 mo. after initiating ART",TX_RET_D_DSD_Age_Sex,"20+, Male",vNCS7iKS1w2,vNCS7iKS1w2,,INHERENT,FALSE,,,
"TX_RET (D, DSD, Age/Sex): Alive at 12 mo. after initiating ART",TX_RET_D_DSD_Age_Sex,"5-14, Female",yum3nRpNmam,yum3nRpNmam,,INHERENT,FALSE,,,
"TX_RET (D, DSD, Age/Sex): Alive at 12 mo. after initiating ART",TX_RET_D_DSD_Age_Sex,"5-14, Male",whiKRw2V6sh,whiKRw2V6sh,,INHERENT,FALSE,,,
"TX_RET (D, DSD, Age/Sex): Alive at 12 mo. after initiating ART",TX_RET_D_DSD_Age_Sex,"<5, Female",vCpPmP4H1Ww,vCpPmP4H1Ww,,INHERENT,FALSE,,,
"TX_RET (D, DSD, Age/Sex): Alive at 12 mo. after initiating ART",TX_RET_D_DSD_Age_Sex,"<5, Male",ebBULjRn8o5,ebBULjRn8o5,,INHERENT,FALSE,,,
"TX_RET (D, DSD, Age/Sex) TARGET: Alive at 12 mo. after initiating ART",TX_RET_D_DSD_Age_Sex_TARGET,"15-19, Female",tWImGqmWv6d,tWImGqmWv6d,,INHERENT,FALSE,,,
"TX_RET (D, DSD, Age/Sex) TARGET: Alive at 12 mo. after initiating ART",TX_RET_D_DSD_Age_Sex_TARGET,"15-19, Male",mFV84J4ijDt,mFV84J4ijDt,,INHERENT,FALSE,,,
"TX_RET (D, DSD, Age/Sex) TARGET: Alive at 12 mo. after initiating ART",TX_RET_D_DSD_Age_Sex_TARGET,"20+, Female",AKaKwC6B1eg,AKaKwC6B1eg,,INHERENT,FALSE,,,
"TX_RET (D, DSD, Age/Sex) TARGET: Alive at 12 mo. after initiating ART",TX_RET_D_DSD_Age_Sex_TARGET,"20+, Male",vNCS7iKS1w2,vNCS7iKS1w2,,INHERENT,FALSE,,,
"TX_RET (D, DSD, Age/Sex) TARGET: Alive at 12 mo. after initiating ART",TX_RET_D_DSD_Age_Sex_TARGET,"5-14, Female",yum3nRpNmam,yum3nRpNmam,,INHERENT,FALSE,,,
"TX_RET (D, DSD, Age/Sex) TARGET: Alive at 12 mo. after initiating ART",TX_RET_D_DSD_Age_Sex_TARGET,"5-14, Male",whiKRw2V6sh,whiKRw2V6sh,,INHERENT,FALSE,,,
"TX_RET (D, DSD, Age/Sex) TARGET: Alive at 12 mo. after initiating ART",TX_RET_D_DSD_Age_Sex_TARGET,"<5, Female",vCpPmP4H1Ww,vCpPmP4H1Ww,,INHERENT,FALSE,,,
"TX_RET (D, DSD, Age/Sex) TARGET: Alive at 12 mo. after initiating ART",TX_RET_D_DSD_Age_Sex_TARGET,"<5, Male",ebBULjRn8o5,ebBULjRn8o5,,INHERENT,FALSE,,,
"TX_RET (D, DSD_NARRATIVE) TARGET: Total Initiated ART in 12 mo.",TX_RET_D_DSD_NARRATIVE_TARGET,default,HllvX50cXC0,HllvX50cXC0,,DEFAULT,FALSE,,,
"TX_RET (D, DSD_NARRATIVE): Total Initiated ART in 12 mo.",TX_RET_D_DSD_NARRATIVE,default,HllvX50cXC0,HllvX50cXC0,,DEFAULT,FALSE,,,
"TX_RET (D, DSD, Preg/Feeding): Alive at 12 mo. after initiating ART",TX_RET_D_DSD_Preg_Feeding,Breastfeeding,jaxEUorPKgv,jaxEUorPKgv,,CODED,FALSE,,,
"TX_RET (D, DSD, Preg/Feeding): Alive at 12 mo. after initiating ART",TX_RET_D_DSD_Preg_Feeding,Pregnant,vxBSF1mguas,vxBSF1mguas,,CODED,FALSE,,,
"TX_RET (D, DSD, Preg/Feeding) TARGET: Alive at 12 mo. after initiating ART",TX_RET_D_DSD_Preg_Feeding_TARGET,Breastfeeding,jaxEUorPKgv,jaxEUorPKgv,,CODED,FALSE,,,
"TX_RET (D, DSD, Preg/Feeding) TARGET: Alive at 12 mo. after initiating ART",TX_RET_D_DSD_Preg_Feeding_TARGET,Pregnant,vxBSF1mguas,vxBSF1mguas,,CODED,FALSE,,,
"TX_RET (D, DSD): Total Initiated ART in 12 mo.",TX_RET_D_DSD,default,HllvX50cXC0,HllvX50cXC0,,DEFAULT,FALSE,,,
"TX_RET (D, TA, 12mo) TARGET: Alive at 12 mo. after initiating ART",TX_RET_D_TA_TARGET,default,HllvX50cXC0,HllvX50cXC0,,DEFAULT,FALSE,,,
"TX_RET (D, TA, Age/Sex): Alive at 12 mo. after initiating ART",TX_RET_D_TA_Age_Sex,"15-19, Female",tWImGqmWv6d,tWImGqmWv6d,,INHERENT,FALSE,,,
"TX_RET (D, TA, Age/Sex): Alive at 12 mo. after initiating ART",TX_RET_D_TA_Age_Sex,"15-19, Male",mFV84J4ijDt,mFV84J4ijDt,,INHERENT,FALSE,,,
"TX_RET (D, TA, Age/Sex): Alive at 12 mo. after initiating ART",TX_RET_D_TA_Age_Sex,"20+, Female",AKaKwC6B1eg,AKaKwC6B1eg,,INHERENT,FALSE,,,
"TX_RET (D, TA, Age/Sex): Alive at 12 mo. after initiating ART",TX_RET_D_TA_Age_Sex,"20+, Male",vNCS7iKS1w2,vNCS7iKS1w2,,INHERENT,FALSE,,,
"TX_RET (D, TA, Age/Sex): Alive at 12 mo. after initiating ART",TX_RET_D_TA_Age_Sex,"5-14, Female",yum3nRpNmam,yum3nRpNmam,,INHERENT,FALSE,,,
"TX_RET (D, TA, Age/Sex): Alive at 12 mo. after initiating ART",TX_RET_D_TA_Age_Sex,"5-14, Male",whiKRw2V6sh,whiKRw2V6sh,,INHERENT,FALSE,,,
"TX_RET (D, TA, Age/Sex): Alive at 12 mo. after initiating ART",TX_RET_D_TA_Age_Sex,"<5, Female",vCpPmP4H1Ww,vCpPmP4H1Ww,,INHERENT,FALSE,,,
"TX_RET (D, TA, Age/Sex): Alive at 12 mo. after initiating ART",TX_RET_D_TA_Age_Sex,"<5, Male",ebBULjRn8o5,ebBULjRn8o5,,INHERENT,FALSE,,,
"TX_RET (D, TA, Age/Sex) TARGET: Alive at 12 mo. after initiating ART",TX_RET_D_TA_Age_Sex_TARGET,"15-19, Female",tWImGqmWv6d,tWImGqmWv6d,,INHERENT,FALSE,,,
"TX_RET (D, TA, Age/Sex) TARGET: Alive at 12 mo. after initiating ART",TX_RET_D_TA_Age_Sex_TARGET,"15-19, Male",mFV84J4ijDt,mFV84J4ijDt,,INHERENT,FALSE,,,
"TX_RET (D, TA, Age/Sex) TARGET: Alive at 12 mo. after initiating ART",TX_RET_D_TA_Age_Sex_TARGET,"20+, Female",AKaKwC6B1eg,AKaKwC6B1eg,,INHERENT,FALSE,,,
"TX_RET (D, TA, Age/Sex) TARGET: Alive at 12 mo. after initiating ART",TX_RET_D_TA_Age_Sex_TARGET,"20+, Male",vNCS7iKS1w2,vNCS7iKS1w2,,INHERENT,FALSE,,,
"TX_RET (D, TA, Age/Sex) TARGET: Alive at 12 mo. after initiating ART",TX_RET_D_TA_Age_Sex_TARGET,"5-14, Female",yum3nRpNmam,yum3nRpNmam,,INHERENT,FALSE,,,
"TX_RET (D, TA, Age/Sex) TARGET: Alive at 12 mo. after initiating ART",TX_RET_D_TA_Age_Sex_TARGET,"5-14, Male",whiKRw2V6sh,whiKRw2V6sh,,INHERENT,FALSE,,,
"TX_RET (D, TA, Age/Sex) TARGET: Alive at 12 mo. after initiating ART",TX_RET_D_TA_Age_Sex_TARGET,"<5, Female",vCpPmP4H1Ww,vCpPmP4H1Ww,,INHERENT,FALSE,,,
"TX_RET (D, TA, Age/Sex) TARGET: Alive at 12 mo. after initiating ART",TX_RET_D_TA_Age_Sex_TARGET,"<5, Male",ebBULjRn8o5,ebBULjRn8o5,,INHERENT,FALSE,,,
"TX_RET (D, TA_NARRATIVE) TARGET: Total Initiated ART in 12 mo.",TX_RET_D_TA_NARRATIVE_TARGET,default,HllvX50cXC0,HllvX50cXC0,,DEFAULT,FALSE,,,
"TX_RET (D, TA_NARRATIVE): Total Initiated ART in 12 mo.",TX_RET_D_TA_NARRATIVE,default,HllvX50cXC0,HllvX50cXC0,,DEFAULT,FALSE,,,
"TX_RET (D, TA, Preg/Feeding): Alive at 12 mo. after initiating ART",TX_RET_D_TA_Preg_Feeding,Breastfeeding,jaxEUorPKgv,jaxEUorPKgv,,CODED,FALSE,,,
"TX_RET (D, TA, Preg/Feeding): Alive at 12 mo. after initiating ART",TX_RET_D_TA_Preg_Feeding,Pregnant,vxBSF1mguas,vxBSF1mguas,,CODED,FALSE,,,
"TX_RET (D, TA, Preg/Feeding) TARGET: Alive at 12 mo. after initiating ART",TX_RET_D_TA_Preg_Feeding_TARGET,Breastfeeding,jaxEUorPKgv,jaxEUorPKgv,,CODED,FALSE,,,
"TX_RET (D, TA, Preg/Feeding) TARGET: Alive at 12 mo. after initiating ART",TX_RET_D_TA_Preg_Feeding_TARGET,Pregnant,vxBSF1mguas,vxBSF1mguas,,CODED,FALSE,,,
"TX_RET (D, TA): Total Initiated ART in 12 mo.",TX_RET_D_TA,default,HllvX50cXC0,HllvX50cXC0,,DEFAULT,FALSE,,,
"TX_RET (N, DSD, 12mo) TARGET: Alive at 12 mo. after initiating ART",TX_RET_N_DSD_TARGET,default,HllvX50cXC0,HllvX50cXC0,,DEFAULT,FALSE,,,
"TX_RET (N, DSD, Age/Sex): Alive at 12 mo. after initiating ART",TX_RET_N_DSD_Age_Sex,"15-19, Female",tWImGqmWv6d,tWImGqmWv6d,,INHERENT,FALSE,,,
"TX_RET (N, DSD, Age/Sex): Alive at 12 mo. after initiating ART",TX_RET_N_DSD_Age_Sex,"15-19, Male",mFV84J4ijDt,mFV84J4ijDt,,INHERENT,FALSE,,,
"TX_RET (N, DSD, Age/Sex): Alive at 12 mo. after initiating ART",TX_RET_N_DSD_Age_Sex,"20+, Female",AKaKwC6B1eg,AKaKwC6B1eg,,INHERENT,FALSE,,,
"TX_RET (N, DSD, Age/Sex): Alive at 12 mo. after initiating ART",TX_RET_N_DSD_Age_Sex,"20+, Male",vNCS7iKS1w2,vNCS7iKS1w2,,INHERENT,FALSE,,,
"TX_RET (N, DSD, Age/Sex): Alive at 12 mo. after initiating ART",TX_RET_N_DSD_Age_Sex,"5-14, Female",yum3nRpNmam,yum3nRpNmam,,INHERENT,FALSE,,,
"TX_RET (N, DSD, Age/Sex): Alive at 12 mo. after initiating ART",TX_RET_N_DSD_Age_Sex,"5-14, Male",whiKRw2V6sh,whiKRw2V6sh,,INHERENT,FALSE,,,
"TX_RET (N, DSD, Age/Sex): Alive at 12 mo. after initiating ART",TX_RET_N_DSD_Age_Sex,"<5, Female",vCpPmP4H1Ww,vCpPmP4H1Ww,,INHERENT,FALSE,,,
"TX_RET (N, DSD, Age/Sex): Alive at 12 mo. after initiating ART",TX_RET_N_DSD_Age_Sex,"<5, Male",ebBULjRn8o5,ebBULjRn8o5,,INHERENT,FALSE,,,
"TX_RET (N, DSD, Age/Sex) TARGET: Alive at 12 mo. after initiating ART",TX_RET_N_DSD_Age_Sex_TARGET,"15-19, Female",tWImGqmWv6d,tWImGqmWv6d,,INHERENT,FALSE,,,
"TX_RET (N, DSD, Age/Sex) TARGET: Alive at 12 mo. after initiating ART",TX_RET_N_DSD_Age_Sex_TARGET,"15-19, Male",mFV84J4ijDt,mFV84J4ijDt,,INHERENT,FALSE,,,
"TX_RET (N, DSD, Age/Sex) TARGET: Alive at 12 mo. after initiating ART",TX_RET_N_DSD_Age_Sex_TARGET,"20+, Female",AKaKwC6B1eg,AKaKwC6B1eg,,INHERENT,FALSE,,,
"TX_RET (N, DSD, Age/Sex) TARGET: Alive at 12 mo. after initiating ART",TX_RET_N_DSD_Age_Sex_TARGET,"20+, Male",vNCS7iKS1w2,vNCS7iKS1w2,,INHERENT,FALSE,,,
"TX_RET (N, DSD, Age/Sex) TARGET: Alive at 12 mo. after initiating ART",TX_RET_N_DSD_Age_Sex_TARGET,"5-14, Female",yum3nRpNmam,yum3nRpNmam,,INHERENT,FALSE,,,
"TX_RET (N, DSD, Age/Sex) TARGET: Alive at 12 mo. after initiating ART",TX_RET_N_DSD_Age_Sex_TARGET,"5-14, Male",whiKRw2V6sh,whiKRw2V6sh,,INHERENT,FALSE,,,
"TX_RET (N, DSD, Age/Sex) TARGET: Alive at 12 mo. after initiating ART",TX_RET_N_DSD_Age_Sex_TARGET,"<5, Female",vCpPmP4H1Ww,vCpPmP4H1Ww,,INHERENT,FALSE,,,
"TX_RET (N, DSD, Age/Sex) TARGET: Alive at 12 mo. after initiating ART",TX_RET_N_DSD_Age_Sex_TARGET,"<5, Male",ebBULjRn8o5,ebBULjRn8o5,,INHERENT,FALSE,,,
"TX_RET (N, DSD): Alive at 12 mo. after initiating ART",TX_RET_N_DSD,default,HllvX50cXC0,HllvX50cXC0,,DEFAULT,FALSE,,,
"TX_RET (N, DSD_NARRATIVE): Alive at 12 mo. after initiating ART",TX_RET_N_DSD_NARRATIVE,default,HllvX50cXC0,HllvX50cXC0,,DEFAULT,FALSE,,,
"TX_RET (N, DSD_NARRATIVE) TARGET: Alive at 12 mo. after initiating ART",TX_RET_N_DSD_NARRATIVE_TARGET,default,HllvX50cXC0,HllvX50cXC0,,DEFAULT,FALSE,,,
"TX_RET (N, DSD, Preg/Feeding): Alive at 12 mo. after initiating ART",TX_RET_N_DSD_Preg_Feeding,Breastfeeding,jaxEUorPKgv,jaxEUorPKgv,,CODED,FALSE,,,
"TX_RET (N, DSD, Preg/Feeding): Alive at 12 mo. after initiating ART",TX_RET_N_DSD_Preg_Feeding,Pregnant,vxBSF1mguas,vxBSF1mguas,,CODED,FALSE,,,
"TX_RET (N, DSD, Preg/Feeding) TARGET: Alive at 12 mo. after initiating ART",TX_RET_N_DSD_Preg_Feeding_TARGET,Breastfeeding,jaxEUorPKgv,jaxEUorPKgv,,CODED,FALSE,,,
"TX_RET (N, DSD, Preg/Feeding) TARGET: Alive at 12 mo. after initiating ART",TX_RET_N_DSD_Preg_Feeding_TARGET,Pregnant,vxBSF1mguas,vxBSF1mguas,,CODED,FALSE,,,
"TX_RET (N, TA, 12mo) TARGET: Alive at 12 mo. after initiating ART",TX_RET_N_TA_TARGET,default,HllvX50cXC0,HllvX50cXC0,,DEFAULT,FALSE,,,
"TX_RET (N, TA, Age/Sex): Alive at 12 mo. after initiating ART",TX_RET_N_TA_Age_Sex,"15-19, Female",tWImGqmWv6d,tWImGqmWv6d,,INHERENT,FALSE,,,
"TX_RET (N, TA, Age/Sex): Alive at 12 mo. after initiating ART",TX_RET_N_TA_Age_Sex,"15-19, Male",mFV84J4ijDt,mFV84J4ijDt,,INHERENT,FALSE,,,
"TX_RET (N, TA, Age/Sex): Alive at 12 mo. after initiating ART",TX_RET_N_TA_Age_Sex,"20+, Female",AKaKwC6B1eg,AKaKwC6B1eg,,INHERENT,FALSE,,,
"TX_RET (N, TA, Age/Sex): Alive at 12 mo. after initiating ART",TX_RET_N_TA_Age_Sex,"20+, Male",vNCS7iKS1w2,vNCS7iKS1w2,,INHERENT,FALSE,,,
"TX_RET (N, TA, Age/Sex): Alive at 12 mo. after initiating ART",TX_RET_N_TA_Age_Sex,"5-14, Female",yum3nRpNmam,yum3nRpNmam,,INHERENT,FALSE,,,
"TX_RET (N, TA, Age/Sex): Alive at 12 mo. after initiating ART",TX_RET_N_TA_Age_Sex,"5-14, Male",whiKRw2V6sh,whiKRw2V6sh,,INHERENT,FALSE,,,
"TX_RET (N, TA, Age/Sex): Alive at 12 mo. after initiating ART",TX_RET_N_TA_Age_Sex,"<5, Female",vCpPmP4H1Ww,vCpPmP4H1Ww,,INHERENT,FALSE,,,
"TX_RET (N, TA, Age/Sex): Alive at 12 mo. after initiating ART",TX_RET_N_TA_Age_Sex,"<5, Male",ebBULjRn8o5,ebBULjRn8o5,,INHERENT,FALSE,,,
"TX_RET (N, TA, Age/Sex) TARGET: Alive at 12 mo. after initiating ART",TX_RET_N_TA_Age_Sex_TARGET,"15-19, Female",tWImGqmWv6d,tWImGqmWv6d,,INHERENT,FALSE,,,
"TX_RET (N, TA, Age/Sex) TARGET: Alive at 12 mo. after initiating ART",TX_RET_N_TA_Age_Sex_TARGET,"15-19, Male",mFV84J4ijDt,mFV84J4ijDt,,INHERENT,FALSE,,,
"TX_RET (N, TA, Age/Sex) TARGET: Alive at 12 mo. after initiating ART",TX_RET_N_TA_Age_Sex_TARGET,"20+, Female",AKaKwC6B1eg,AKaKwC6B1eg,,INHERENT,FALSE,,,
"TX_RET (N, TA, Age/Sex) TARGET: Alive at 12 mo. after initiating ART",TX_RET_N_TA_Age_Sex_TARGET,"20+, Male",vNCS7iKS1w2,vNCS7iKS1w2,,INHERENT,FALSE,,,
"TX_RET (N, TA, Age/Sex) TARGET: Alive at 12 mo. after initiating ART",TX_RET_N_TA_Age_Sex_TARGET,"5-14, Female",yum3nRpNmam,yum3nRpNmam,,INHERENT,FALSE,,,
"TX_RET (N, TA, Age/Sex) TARGET: Alive at 12 mo. after initiating ART",TX_RET_N_TA_Age_Sex_TARGET,"5-14, Male",whiKRw2V6sh,whiKRw2V6sh,,INHERENT,FALSE,,,
"TX_RET (N, TA, Age/Sex) TARGET: Alive at 12 mo. after initiating ART",TX_RET_N_TA_Age_Sex_TARGET,"<5, Female",vCpPmP4H1Ww,vCpPmP4H1Ww,,INHERENT,FALSE,,,
"TX_RET (N, TA, Age/Sex) TARGET: Alive at 12 mo. after initiating ART",TX_RET_N_TA_Age_Sex_TARGET,"<5, Male",ebBULjRn8o5,ebBULjRn8o5,,INHERENT,FALSE,,,
"TX_RET (N, TA): Alive at 12 mo. after initiating ART",TX_RET_N_TA,default,HllvX50cXC0,HllvX50cXC0,,DEFAULT,FALSE,,,
"TX_RET (N, TA_NARRATIVE): Alive at 12 mo. after initiating ART",TX_RET_N_TA_NARRATIVE,default,HllvX50cXC0,HllvX50cXC0,,DEFAULT,FALSE,,,
"TX_RET (N, TA_NARRATIVE) TARGET: Alive at 12 mo. after initiating ART",TX_RET_N_TA_NARRATIVE_TARGET,default,HllvX50cXC0,HllvX50cXC0,,DEFAULT,FALSE,,,
"TX_RET (N, TA, Preg/Feeding): Alive at 12 mo. after initiating ART",TX_RET_N_TA_Preg_Feeding,Breastfeeding,jaxEUorPKgv,jaxEUorPKgv,,CODED,FALSE,,,
"TX_RET (N, TA, Preg/Feeding): Alive at 12 mo. after initiating ART",TX_RET_N_TA_Preg_Feeding,Pregnant,vxBSF1mguas,vxBSF1mguas,,CODED,FALSE,,,
"TX_RET (N, TA, Preg/Feeding) TARGET: Alive at 12 mo. after initiating ART",TX_RET_N_TA_Preg_Feeding_TARGET,Breastfeeding,jaxEUorPKgv,jaxEUorPKgv,,CODED,FALSE,,,
"TX_RET (N, TA, Preg/Feeding) TARGET: Alive at 12 mo. after initiating ART",TX_RET_N_TA_Preg_Feeding_TARGET,Pregnant,vxBSF1mguas,vxBSF1mguas,,CODED,FALSE,,,
"TB_STAT (D, DSD_NARRATIVE): New/Relapsed TB",TB_STAT_D_DSD_NARRATIVE,default,HllvX50cXC0,HllvX50cXC0,,DEFAULT,FALSE,,,
"TB_STAT (D, DSD_NARRATIVE) TARGET: New/Relapsed TB",TB_STAT_D_DSD_NARRATIVE_TARGET,default,HllvX50cXC0,HllvX50cXC0,,DEFAULT,FALSE,,,
"TB_STAT (D, DSD): New/Relapsed TB",TB_STAT_D_DSD,default,HllvX50cXC0,HllvX50cXC0,,DEFAULT,FALSE,,,
"TB_STAT (D, DSD) TARGET: New/Relapsed TB",TB_STAT_D_DSD_TARGET,default,HllvX50cXC0,HllvX50cXC0,,DEFAULT,FALSE,,,
"TB_STAT (D, TA_NARRATIVE): New/Relapsed TB",TB_STAT_D_TA_NARRATIVE,default,HllvX50cXC0,HllvX50cXC0,,DEFAULT,FALSE,,,
"TB_STAT (D, TA_NARRATIVE) TARGET: New/Relapsed TB",TB_STAT_D_TA_NARRATIVE_TARGET,default,HllvX50cXC0,HllvX50cXC0,,DEFAULT,FALSE,,,
"TB_STAT (D, TA): New/Relapsed TB",TB_STAT_D_TA,default,HllvX50cXC0,HllvX50cXC0,,DEFAULT,FALSE,,,
"TB_STAT (D, TA) TARGET: New/Relapsed TB",TB_STAT_D_TA_TARGET,default,HllvX50cXC0,HllvX50cXC0,,DEFAULT,FALSE,,,
"TB_STAT (N, DSD, Age): New/Relapsed TB with HIV",TB_STAT_N_DSD_Age,<1,xcWa3LokIXK,xcWa3LokIXK,,AGE,FALSE,,,
"TB_STAT (N, DSD, Age): New/Relapsed TB with HIV",TB_STAT_N_DSD_Age,41913,fTYPDP23an1,fTYPDP23an1,,OTHER,FALSE,,,
"TB_STAT (N, DSD, Age): New/Relapsed TB with HIV",TB_STAT_N_DSD_Age,42826,AYfUs0AaKkL,AYfUs0AaKkL,,OTHER,FALSE,,,
"TB_STAT (N, DSD, Age): New/Relapsed TB with HIV",TB_STAT_N_DSD_Age,15-19,pdoDqvHhbYk,pdoDqvHhbYk,,AGE,FALSE,,,
"TB_STAT (N, DSD, Age): New/Relapsed TB with HIV",TB_STAT_N_DSD_Age,20+,HzMYcelJAJA,HzMYcelJAJA,,AGE,FALSE,,,
"TB_STAT (N, DSD, Age): New/Relapsed TB with HIV",TB_STAT_N_DSD_Age,42983,FXIAY2TcHsD,FXIAY2TcHsD,,OTHER,FALSE,,,
"TB_STAT (N, DSD, Age) TARGET: New/Relapsed TB with HIV",TB_STAT_N_DSD_Age_TARGET,<1,xcWa3LokIXK,xcWa3LokIXK,,AGE,FALSE,,,
"TB_STAT (N, DSD, Age) TARGET: New/Relapsed TB with HIV",TB_STAT_N_DSD_Age_TARGET,41913,fTYPDP23an1,fTYPDP23an1,,OTHER,FALSE,,,
"TB_STAT (N, DSD, Age) TARGET: New/Relapsed TB with HIV",TB_STAT_N_DSD_Age_TARGET,42826,AYfUs0AaKkL,AYfUs0AaKkL,,OTHER,FALSE,,,
"TB_STAT (N, DSD, Age) TARGET: New/Relapsed TB with HIV",TB_STAT_N_DSD_Age_TARGET,15-19,pdoDqvHhbYk,pdoDqvHhbYk,,AGE,FALSE,,,
"TB_STAT (N, DSD, Age) TARGET: New/Relapsed TB with HIV",TB_STAT_N_DSD_Age_TARGET,20+,HzMYcelJAJA,HzMYcelJAJA,,AGE,FALSE,,,
"TB_STAT (N, DSD, Age) TARGET: New/Relapsed TB with HIV",TB_STAT_N_DSD_Age_TARGET,42983,FXIAY2TcHsD,FXIAY2TcHsD,,OTHER,FALSE,,,
"TB_STAT (N, DSD_NARRATIVE): New/Relapsed TB with HIV",TB_STAT_N_DSD_NARRATIVE,default,HllvX50cXC0,HllvX50cXC0,,DEFAULT,FALSE,,,
"TB_STAT (N, DSD_NARRATIVE) TARGET: New/Relapsed TB with HIV",TB_STAT_N_DSD_NARRATIVE_TARGET,default,HllvX50cXC0,HllvX50cXC0,,DEFAULT,FALSE,,,
"TB_STAT (N, DSD): New/Relapsed TB with HIV",TB_STAT_N_DSD,default,HllvX50cXC0,HllvX50cXC0,,DEFAULT,FALSE,,,
"TB_STAT (N, DSD, Result): New/Relapsed TB with HIV",TB_STAT_N_DSD_Result,Negative,ZZgjEm5kvv3,ZZgjEm5kvv3,,CODED,FALSE,,,
"TB_STAT (N, DSD, Result): New/Relapsed TB with HIV",TB_STAT_N_DSD_Result,Positive,XkqnsV4slkA,XkqnsV4slkA,,CODED,FALSE,,,
"TB_STAT (N, DSD, Result) TARGET: New/Relapsed TB with HIV",TB_STAT_N_DSD_Result_TARGET,Negative,ZZgjEm5kvv3,ZZgjEm5kvv3,,CODED,FALSE,,,
"TB_STAT (N, DSD, Result) TARGET: New/Relapsed TB with HIV",TB_STAT_N_DSD_Result_TARGET,Positive,XkqnsV4slkA,XkqnsV4slkA,,CODED,FALSE,,,
"TB_STAT (N, DSD, Sex): New/Relapsed TB with HIV",TB_STAT_N_DSD_Sex,Female,bHhcxwpICvc,bHhcxwpICvc,,GENDER,FALSE,,,
"TB_STAT (N, DSD, Sex): New/Relapsed TB with HIV",TB_STAT_N_DSD_Sex,Male,pKlxpSVb56h,pKlxpSVb56h,,GENDER,FALSE,,,
"TB_STAT (N, DSD, Sex) TARGET: New/Relapsed TB with HIV",TB_STAT_N_DSD_Sex_TARGET,Female,bHhcxwpICvc,bHhcxwpICvc,,GENDER,FALSE,,,
"TB_STAT (N, DSD, Sex) TARGET: New/Relapsed TB with HIV",TB_STAT_N_DSD_Sex_TARGET,Male,pKlxpSVb56h,pKlxpSVb56h,,GENDER,FALSE,,,
"TB_STAT (N, DSD) TARGET: New/Relapsed TB",TB_STAT_N_DSD_TARGET,default,HllvX50cXC0,HllvX50cXC0,,DEFAULT,FALSE,,,
"TB_STAT (N, TA, Age): New/Relapsed TB with HIV",TB_STAT_N_TA_Age,<1,xcWa3LokIXK,xcWa3LokIXK,,AGE,FALSE,,,
"TB_STAT (N, TA, Age): New/Relapsed TB with HIV",TB_STAT_N_TA_Age,41913,fTYPDP23an1,fTYPDP23an1,,OTHER,FALSE,,,
"TB_STAT (N, TA, Age): New/Relapsed TB with HIV",TB_STAT_N_TA_Age,42826,AYfUs0AaKkL,AYfUs0AaKkL,,OTHER,FALSE,,,
"TB_STAT (N, TA, Age): New/Relapsed TB with HIV",TB_STAT_N_TA_Age,15-19,pdoDqvHhbYk,pdoDqvHhbYk,,AGE,FALSE,,,
"TB_STAT (N, TA, Age): New/Relapsed TB with HIV",TB_STAT_N_TA_Age,20+,HzMYcelJAJA,HzMYcelJAJA,,AGE,FALSE,,,
"TB_STAT (N, TA, Age): New/Relapsed TB with HIV",TB_STAT_N_TA_Age,42983,FXIAY2TcHsD,FXIAY2TcHsD,,OTHER,FALSE,,,
"TB_STAT (N, TA, Age) TARGET: New/Relapsed TB with HIV",TB_STAT_N_TA_Age_TARGET,<1,xcWa3LokIXK,xcWa3LokIXK,,AGE,FALSE,,,
"TB_STAT (N, TA, Age) TARGET: New/Relapsed TB with HIV",TB_STAT_N_TA_Age_TARGET,41913,fTYPDP23an1,fTYPDP23an1,,OTHER,FALSE,,,
"TB_STAT (N, TA, Age) TARGET: New/Relapsed TB with HIV",TB_STAT_N_TA_Age_TARGET,42826,AYfUs0AaKkL,AYfUs0AaKkL,,OTHER,FALSE,,,
"TB_STAT (N, TA, Age) TARGET: New/Relapsed TB with HIV",TB_STAT_N_TA_Age_TARGET,15-19,pdoDqvHhbYk,pdoDqvHhbYk,,AGE,FALSE,,,
"TB_STAT (N, TA, Age) TARGET: New/Relapsed TB with HIV",TB_STAT_N_TA_Age_TARGET,20+,HzMYcelJAJA,HzMYcelJAJA,,AGE,FALSE,,,
"TB_STAT (N, TA, Age) TARGET: New/Relapsed TB with HIV",TB_STAT_N_TA_Age_TARGET,42983,FXIAY2TcHsD,FXIAY2TcHsD,,OTHER,FALSE,,,
"TB_STAT (N, TA_NARRATIVE): New/Relapsed TB with HIV",TB_STAT_N_TA_NARRATIVE,default,HllvX50cXC0,HllvX50cXC0,,DEFAULT,FALSE,,,
"TB_STAT (N, TA_NARRATIVE) TARGET: New/Relapsed TB with HIV",TB_STAT_N_TA_NARRATIVE_TARGET,default,HllvX50cXC0,HllvX50cXC0,,DEFAULT,FALSE,,,
"TB_STAT (N, TA): New/Relapsed TB with HIV",TB_STAT_N_TA,default,HllvX50cXC0,HllvX50cXC0,,DEFAULT,FALSE,,,
"TB_STAT (N, TA, Result): New/Relapsed TB with HIV",TB_STAT_N_TA_Result,Negative,ZZgjEm5kvv3,ZZgjEm5kvv3,,CODED,FALSE,,,
"TB_STAT (N, TA, Result): New/Relapsed TB with HIV",TB_STAT_N_TA_Result,Positive,XkqnsV4slkA,XkqnsV4slkA,,CODED,FALSE,,,
"TB_STAT (N, TA, Result) TARGET: New/Relapsed TB with HIV",TB_STAT_N_TA_Result_TARGET,Negative,ZZgjEm5kvv3,ZZgjEm5kvv3,,CODED,FALSE,,,
"TB_STAT (N, TA, Result) TARGET: New/Relapsed TB with HIV",TB_STAT_N_TA_Result_TARGET,Positive,XkqnsV4slkA,XkqnsV4slkA,,CODED,FALSE,,,
"TB_STAT (N, TA, Sex): New/Relapsed TB with HIV",TB_STAT_N_TA_Sex,Female,bHhcxwpICvc,bHhcxwpICvc,,GENDER,FALSE,,,
"TB_STAT (N, TA, Sex): New/Relapsed TB with HIV",TB_STAT_N_TA_Sex,Male,pKlxpSVb56h,pKlxpSVb56h,,GENDER,FALSE,,,
"TB_STAT (N, TA, Sex) TARGET: New/Relapsed TB with HIV",TB_STAT_N_TA_Sex_TARGET,Female,bHhcxwpICvc,bHhcxwpICvc,,GENDER,FALSE,,,
"TB_STAT (N, TA, Sex) TARGET: New/Relapsed TB with HIV",TB_STAT_N_TA_Sex_TARGET,Male,pKlxpSVb56h,pKlxpSVb56h,,GENDER,FALSE,,,
"TB_STAT (N, TA) TARGET: New/Relapsed TB",TB_STAT_N_TA_TARGET,default,HllvX50cXC0,HllvX50cXC0,,DEFAULT,FALSE,,,